stcode,state,cocode,geoname
11,ME,0,ANDROSCOGGIN
11,ME,10,AROOSTOOK
11,ME,20,CUMBERLAND
11,ME,30,FRANKLIN
11,ME,40,HANCOCK
11,ME,50,KENNEBEC
11,ME,60,KNOX
11,ME,70,LINCOLN
11,ME,80,OXFORD
11,ME,90,PENOBSCOT
11,ME,100,PISCATAQUIS
11,ME,110,SAGADAHOC
11,ME,120,SOMERSET
11,ME,130,WALDO
11,ME,140,WASHINGTON
11,ME,150,YORK
11,ME,990,STATEWIDE
12,NH,0,BELKNAP
12,NH,10,CARROLL
12,NH,20,CHESHIRE
12,NH,30,COOS
12,NH,40,GRAFTON
12,NH,50,HILLSBOROUGH
12,NH,60,MERRIMACK
12,NH,70,ROCKINGHAM
12,NH,80,STRAFFORD
12,NH,90,SULLIVAN
12,NH,990,STATEWIDE
13,VT,0,ADDISON
13,VT,10,BENNINGTON
13,VT,20,CALEDONIA
13,VT,30,CHITTENDEN
13,VT,40,ESSEX
13,VT,50,FRANKLIN
13,VT,60,GRAND ISLE
13,VT,70,LAMOILLE
13,VT,80,ORANGE
13,VT,90,ORLEANS
13,VT,100,RUTLAND
13,VT,110,WASHINGTON
13,VT,120,WINDHAM
13,VT,130,WINDSOR
13,VT,990,STATEWIDE
14,MA,0,BARNSTABLE
14,MA,10,BERKSHIRE
14,MA,20,BRISTOL
14,MA,30,DUKES
14,MA,40,ESSEX
14,MA,60,FRANKLIN
14,MA,70,HAMPDEN
14,MA,80,HAMPSHIRE
14,MA,90,MIDDLESEX
14,MA,120,NANTUCKET
14,MA,130,NORFOLK
14,MA,150,PLYMOUTH
14,MA,160,SUFFOLK
14,MA,170,WORCESTER
14,MA,990,STATEWIDE
15,RI,0,BRISTOL
15,RI,10,KENT
15,RI,20,NEWPORT
15,RI,30,PROVIDENCE
15,RI,50,WASHINGTON
15,RI,990,STATEWIDE
16,CT,0,FAIRFIELD
16,CT,10,HARTFORD
16,CT,20,LITCHFIELD
16,CT,30,MIDDLESEX
16,CT,40,NEW HAVEN
16,CT,50,NEW LONDON
16,CT,60,TOLLAND
16,CT,70,WINDHAM
16,CT,990,STATEWIDE
21,NY,0,ALBANY
21,NY,10,ALLEGANY
21,NY,30,BROOME
21,NY,40,CATTARAUGUS
21,NY,50,CAYUGA
21,NY,60,CHAUTAUQUA
21,NY,70,CHEMUNG
21,NY,80,CHENANGO
21,NY,90,CLINTON
21,NY,121,NEW YORK
21,NY,122,BRONX
21,NY,123,RICHMOND
21,NY,124,KINGS
21,NY,125,QUEENS
21,NY,200,COLUMBIA
21,NY,210,CORTLAND
21,NY,220,DELAWARE
21,NY,230,DUTCHESS
21,NY,240,ERIE
21,NY,260,ESSEX
21,NY,270,FRANKLIN
21,NY,280,FULTON
21,NY,290,GENESEE
21,NY,300,GREENE
21,NY,310,HAMILTON
21,NY,320,HERKIMER
21,NY,330,JEFFERSON
21,NY,340,LEWIS
21,NY,350,LIVINGSTON
21,NY,360,MADISON
21,NY,370,MONROE
21,NY,380,MONTGOMERY
21,NY,400,NASSAU
21,NY,500,NIAGARA
21,NY,510,ONEIDA
21,NY,520,ONONDAGA
21,NY,530,ONTARIO
21,NY,540,ORANGE
21,NY,550,ORLEANS
21,NY,560,OSWEGO
21,NY,570,OTSEGO
21,NY,580,PUTNAM
21,NY,600,RENSSELAER
21,NY,620,ROCKLAND
21,NY,630,ST LAWRENCE
21,NY,640,SARATOGA
21,NY,650,SCHENECTADY
21,NY,660,SCHOHARIE
21,NY,670,SCHUYLER
21,NY,680,SENECA
21,NY,690,STEUBEN
21,NY,700,SUFFOLK
21,NY,710,SULLIVAN
21,NY,720,TIOGA
21,NY,730,TOMPKINS
21,NY,740,ULSTER
21,NY,750,WARREN
21,NY,760,WASHINGTON
21,NY,770,WAYNE
21,NY,800,WESTCHESTER
21,NY,900,WYOMING
21,NY,910,YATES
21,NY,990,STATEWIDE
22,NJ,0,ATLANTIC
22,NJ,100,BERGEN
22,NJ,150,BURLINGTON
22,NJ,160,CAMDEN
22,NJ,180,CAPE MAY
22,NJ,190,CUMBERLAND
22,NJ,200,ESSEX
22,NJ,220,GLOUCESTER
22,NJ,230,HUDSON
22,NJ,250,HUNTERDON
22,NJ,260,MERCER
22,NJ,270,MIDDLESEX
22,NJ,290,MONMOUTH
22,NJ,300,MORRIS
22,NJ,310,OCEAN
22,NJ,320,PASSAIC
22,NJ,340,SALEM
22,NJ,350,SOMERSET
22,NJ,360,SUSSEX
22,NJ,370,UNION
22,NJ,390,WARREN
22,NJ,990,STATEWIDE
23,PA,0,ADAMS
23,PA,10,ALLEGHENY
23,PA,70,ARMSTRONG
23,PA,80,BEAVER
23,PA,100,BEDFORD
23,PA,110,BERKS
23,PA,120,BLAIR
23,PA,130,BRADFORD
23,PA,140,BUCKS
23,PA,150,BUTLER
23,PA,160,CAMBRIA
23,PA,180,CAMERON
23,PA,190,CARBON
23,PA,200,CENTRE
23,PA,210,CHESTER
23,PA,220,CLARION
23,PA,230,CLEARFIELD
23,PA,240,CLINTON
23,PA,250,COLUMBIA
23,PA,260,CRAWFORD
23,PA,270,CUMBERLAND
23,PA,280,DAUPHIN
23,PA,290,DELAWARE
23,PA,310,ELK
23,PA,320,ERIE
23,PA,330,FAYETTE
23,PA,340,FOREST
23,PA,350,FRANKLIN
23,PA,360,FULTON
23,PA,370,GREENE
23,PA,380,HUNTINGDON
23,PA,390,INDIANA
23,PA,400,JEFFERSON
23,PA,410,JUNIATA
23,PA,420,LACKAWANNA
23,PA,440,LANCASTER
23,PA,450,LAWRENCE
23,PA,460,LEBANON
23,PA,470,LEHIGH
23,PA,480,LUZERNE
23,PA,510,LYCOMING
23,PA,520,MCKEAN
23,PA,530,MERCER
23,PA,540,MIFFLIN
23,PA,550,MONROE
23,PA,560,MONTGOMERY
23,PA,580,MONTOUR
23,PA,590,NORTHAMPTON
23,PA,600,NORTHUMBERLAND
23,PA,610,PERRY
23,PA,620,PHILADELPHIA
23,PA,630,PIKE
23,PA,640,POTTER
23,PA,650,SCHUYLKILL
23,PA,670,SNYDER
23,PA,680,SOMERSET
23,PA,690,SULLIVAN
23,PA,700,SUSQUEHANNA
23,PA,710,TIOGA
23,PA,720,UNION
23,PA,730,VENANGO
23,PA,740,WARREN
23,PA,750,WASHINGTON
23,PA,760,WAYNE
23,PA,770,WESTMORELAND
23,PA,790,WYOMING
23,PA,800,YORK
23,PA,990,STATEWIDE
25,AK,9,BRISTOL BAY
25,AK,15,GATEWAY
25,AK,17,GREATER ANCHORAGE
25,AK,19,GREATER JUNEAU
25,AK,21,GREATER SITKA
25,AK,23,KENAI PENINSULA (NW)
25,AK,25,KENAI PENINSULA (SE)
25,AK,29,KODIAK ISLAND
25,AK,35,MATANUSKA SUSITNA
25,AK,39,NORTH STAR
25,AK,98,AREA OUTSIDE BOROUGHS
25,AK,990,STATEWIDE
26,HI,10,HAWAII
26,HI,20,HONOLULU
26,HI,30,KALAWAO
26,HI,40,KAUAI
26,HI,50,MAUI
26,HI,990,STATEWIDE
31,OH,0,ADAMS
31,OH,10,ALLEN
31,OH,20,ASHLAND
31,OH,30,ASHTABULA
31,OH,40,ATHENS
31,OH,50,AUGLAIZE
31,OH,60,BELMONT
31,OH,70,BROWN
31,OH,80,BUTLER
31,OH,90,CARROLL
31,OH,100,CHAMPAIGN
31,OH,110,CLARK
31,OH,120,CLERMONT
31,OH,130,CLINTON
31,OH,140,COLUMBIANA
31,OH,150,COSHOCTON
31,OH,160,CRAWFORD
31,OH,170,CUYAHOGA
31,OH,190,DARKE
31,OH,200,DEFIANCE
31,OH,210,DELAWARE
31,OH,220,ERIE
31,OH,230,FAIRFIELD
31,OH,240,FAYETTE
31,OH,250,FRANKLIN
31,OH,260,FULTON
31,OH,270,GALLIA
31,OH,280,GEAUGA
31,OH,290,GREENE
31,OH,300,GUERNSEY
31,OH,310,HAMILTON
31,OH,330,HANCOCK
31,OH,340,HARDIN
31,OH,350,HARRISON
31,OH,360,HENRY
31,OH,370,HIGHLAND
31,OH,380,HOCKING
31,OH,390,HOLMES
31,OH,400,HURON
31,OH,410,JACKSON
31,OH,420,JEFFERSON
31,OH,430,KNOX
31,OH,440,LAKE
31,OH,450,LAWRENCE
31,OH,460,LICKING
31,OH,470,LOGAN
31,OH,480,LORAIN
31,OH,490,LUCAS
31,OH,500,MADISON
31,OH,510,MAHONING
31,OH,520,MARION
31,OH,530,MEDINA
31,OH,540,MEIGS
31,OH,550,MERCER
31,OH,560,MIAMI
31,OH,570,MONROE
31,OH,580,MONTGOMERY
31,OH,590,MORGAN
31,OH,600,MORROW
31,OH,610,MUSKINGUM
31,OH,620,NOBLE
31,OH,630,OTTAWA
31,OH,640,PAULDING
31,OH,650,PERRY
31,OH,660,PICKAWAY
31,OH,670,PIKE
31,OH,680,PORTAGE
31,OH,690,PREBLE
31,OH,700,PUTNAM
31,OH,710,RICHLAND
31,OH,720,ROSS
31,OH,730,SANDUSKY
31,OH,740,SCIOTO
31,OH,750,SENECA
31,OH,760,SHELBY
31,OH,770,STARK
31,OH,780,SUMMIT
31,OH,790,TRUMBULL
31,OH,800,TUSCARAWAS
31,OH,810,UNION
31,OH,820,VAN WERT
31,OH,830,VINTON
31,OH,840,WARREN
31,OH,850,WASHINGTON
31,OH,860,WAYNE
31,OH,870,WILLIAMS
31,OH,880,WOOD
31,OH,890,WYANDOT
31,OH,990,STATEWIDE
32,IN,0,ADAMS
32,IN,10,ALLEN
32,IN,20,BARTHOLOMEW
32,IN,30,BENTON
32,IN,40,BLACKFORD
32,IN,50,BOONE
32,IN,60,BROWN
32,IN,70,CARROLL
32,IN,80,CASS
32,IN,90,CLARK
32,IN,100,CLAY
32,IN,110,CLINTON
32,IN,120,CRAWFORD
32,IN,130,DAVIESS
32,IN,140,DEARBORN
32,IN,150,DECATUR
32,IN,160,DE KALB
32,IN,170,DELAWARE
32,IN,180,DUBOIS
32,IN,190,ELKHART
32,IN,200,FAYETTE
32,IN,210,FLOYD
32,IN,220,FOUNTAIN
32,IN,230,FRANKLIN
32,IN,240,FULTON
32,IN,250,GIBSON
32,IN,260,GRANT
32,IN,270,GREENE
32,IN,280,HAMILTON
32,IN,290,HANCOCK
32,IN,300,HARRISON
32,IN,310,HENDRICKS
32,IN,320,HENRY
32,IN,330,HOWARD
32,IN,340,HUNTINGTON
32,IN,350,JACKSON
32,IN,360,JASPER
32,IN,370,JAY
32,IN,380,JEFFERSON
32,IN,390,JENNINGS
32,IN,400,JOHNSON
32,IN,410,KNOX
32,IN,420,KOSCIUSKO
32,IN,430,LAGRANGE
32,IN,440,LAKE
32,IN,450,LA PORTE
32,IN,460,LAWRENCE
32,IN,470,MADISON
32,IN,480,MARION
32,IN,490,MARSHALL
32,IN,500,MARTIN
32,IN,510,MIAMI
32,IN,520,MONROE
32,IN,530,MONTGOMERY
32,IN,540,MORGAN
32,IN,550,NEWTON
32,IN,560,NOBLE
32,IN,570,OHIO
32,IN,580,ORANGE
32,IN,590,OWEN
32,IN,600,PARKE
32,IN,610,PERRY
32,IN,620,PIKE
32,IN,630,PORTER
32,IN,640,POSEY
32,IN,650,PULASKI
32,IN,660,PUTNAM
32,IN,670,RANDOLPH
32,IN,680,RIPLEY
32,IN,690,RUSH
32,IN,700,ST JOSEPH
32,IN,710,SCOTT
32,IN,720,SHELBY
32,IN,730,SPENCER
32,IN,740,STARKE
32,IN,750,STEUBEN
32,IN,760,SULLIVAN
32,IN,770,SWITZERLAND
32,IN,780,TIPPECANOE
32,IN,790,TIPTON
32,IN,800,UNION
32,IN,810,VANDERBURGH
32,IN,820,VERMILLION
32,IN,830,VIGO
32,IN,840,WABASH
32,IN,850,WARREN
32,IN,860,WARRICK
32,IN,870,WASHINGTON
32,IN,880,WAYNE
32,IN,890,WELLS
32,IN,900,WHITE
32,IN,910,WHITLEY
32,IN,990,STATEWIDE
33,IL,0,ADAMS
33,IL,10,ALEXANDER
33,IL,20,BOND
33,IL,30,BOONE
33,IL,41,BROWN
33,IL,42,SCHUYLER
33,IL,50,BUREAU
33,IL,60,CALHOUN
33,IL,70,CARROLL
33,IL,80,CASS
33,IL,90,CHAMPAIGN
33,IL,100,CHRISTIAN
33,IL,110,CLARK
33,IL,120,CLAY
33,IL,130,CLINTON
33,IL,140,COLES
33,IL,150,CRAWFORD
33,IL,160,CUMBERLAND
33,IL,170,DE KALB
33,IL,180,DE WITT
33,IL,190,DOUGLAS
33,IL,200,COOK
33,IL,210,UNION
33,IL,220,VERMILION
33,IL,230,WABASH
33,IL,240,WARREN
33,IL,250,DU PAGE
33,IL,260,WASHINGTON
33,IL,270,WAYNE
33,IL,280,WHITE
33,IL,290,WHITESIDE
33,IL,300,WILL
33,IL,310,EDGAR
33,IL,320,EDWARDS
33,IL,330,EFFINGHAM
33,IL,340,FAYETTE
33,IL,350,FORD
33,IL,360,FRANKLIN
33,IL,370,FULTON
33,IL,381,GALLATIN
33,IL,382,HARDIN
33,IL,390,GREENE
33,IL,400,GRUNDY
33,IL,410,HAMILTON
33,IL,420,HANCOCK
33,IL,430,WILLIAMSON
33,IL,440,HENDERSON
33,IL,450,HENRY
33,IL,460,IROQUOIS
33,IL,470,JACKSON
33,IL,480,JASPER
33,IL,490,JEFFERSON
33,IL,500,JERSEY
33,IL,510,JO DAVIESS
33,IL,521,JOHNSON
33,IL,522,POPE
33,IL,530,KANE
33,IL,540,KANKAKEE
33,IL,550,KENDALL
33,IL,560,KNOX
33,IL,570,LAKE
33,IL,580,LA SALLE
33,IL,590,LAWRENCE
33,IL,600,LEE
33,IL,610,LIVINGSTON
33,IL,620,LOGAN
33,IL,630,MCDONOUGH
33,IL,640,MCHENRY
33,IL,650,MCLEAN
33,IL,660,MACON
33,IL,670,MACOUPIN
33,IL,680,MADISON
33,IL,690,MARION
33,IL,700,MARSHALL
33,IL,710,MASON
33,IL,720,MASSAC
33,IL,730,MENARD
33,IL,740,MERCER
33,IL,750,MONROE
33,IL,760,MONTGOMERY
33,IL,770,MORGAN
33,IL,780,MOULTRIE
33,IL,790,OGLE
33,IL,800,PEORIA
33,IL,810,PERRY
33,IL,820,PIATT
33,IL,830,PIKE
33,IL,840,WINNEBAGO
33,IL,850,PULASKI
33,IL,860,PUTNAM
33,IL,870,RANDOLPH
33,IL,880,RICHLAND
33,IL,890,ROCK ISLAND
33,IL,900,ST CLAIR
33,IL,910,SALINE
33,IL,920,SANGAMON
33,IL,930,WOODFORD
33,IL,940,SCOTT
33,IL,950,SHELBY
33,IL,960,STARK
33,IL,970,STEPHENSON
33,IL,980,TAZEWELL
33,IL,990,STATEWIDE
35,MI,0,ALCONA
35,MI,10,ALGER
35,MI,20,ALLEGAN
35,MI,30,ALPENA
35,MI,40,ANTRIM
35,MI,50,ARENAC
35,MI,60,BARAGA
35,MI,70,BARRY
35,MI,80,BAY
35,MI,90,BENZIE
35,MI,100,BERRIEN
35,MI,110,BRANCH
35,MI,120,CALHOUN
35,MI,130,CASS
35,MI,140,CHARLEVOIX
35,MI,150,CHEBOYGAN
35,MI,160,CHIPPEWA
35,MI,170,CLARE
35,MI,180,CLINTON
35,MI,190,CRAWFORD
35,MI,200,DELTA
35,MI,210,DICKINSON
35,MI,220,EATON
35,MI,230,EMMET
35,MI,240,GENESEE
35,MI,250,GLADWIN
35,MI,260,GOGEBIC
35,MI,270,GRAND TRAVERSE
35,MI,280,GRATIOT
35,MI,290,HILLSDALE
35,MI,300,HOUGHTON
35,MI,310,HURON
35,MI,320,INGHAM
35,MI,330,IONIA
35,MI,340,IOSCO
35,MI,350,IRON
35,MI,360,ISABELLA
35,MI,370,JACKSON
35,MI,380,KALAMAZOO
35,MI,390,KALKASKA
35,MI,400,KENT
35,MI,410,KEWEENAW
35,MI,420,LAKE
35,MI,430,LAPEER
35,MI,440,LEELANAU
35,MI,450,LENAWEE
35,MI,460,LIVINGSTON
35,MI,470,LUCE
35,MI,480,MACKINAC
35,MI,490,MACOMB
35,MI,500,MANISTEE
35,MI,510,MARQUETTE
35,MI,520,MASON
35,MI,530,MECOSTA
35,MI,540,MENOMINEE
35,MI,550,MIDLAND
35,MI,560,MISSAUKEE
35,MI,570,MONROE
35,MI,580,MONTCALM
35,MI,590,MONTMORENCY
35,MI,600,MUSKEGON
35,MI,610,NEWAYGO
35,MI,620,OAKLAND
35,MI,630,OCEANA
35,MI,640,OGEMAW
35,MI,650,ONTONAGON
35,MI,660,OSCEOLA
35,MI,670,OSCODA
35,MI,680,OTSEGO
35,MI,690,OTTAWA
35,MI,700,PRESQUE ISLE
35,MI,710,ROSCOMMON
35,MI,720,SAGINAW
35,MI,730,ST CLAIR
35,MI,740,ST JOSEPH
35,MI,750,SANILAC
35,MI,760,SCHOOLCRAFT
35,MI,770,SHIAWASSEE
35,MI,780,TUSCOLA
35,MI,790,VAN BUREN
35,MI,800,WASHTENAW
35,MI,810,WAYNE
35,MI,830,WEXFORD
35,MI,990,STATEWIDE
36,WI,0,ADAMS
36,WI,10,ASHLAND
36,WI,20,BARRON
36,WI,30,BAYFIELD
36,WI,40,BROWN
36,WI,50,BUFFALO
36,WI,60,BURNETT
36,WI,70,CALUMET
36,WI,80,CHIPPEWA
36,WI,90,CLARK
36,WI,100,COLUMBIA
36,WI,110,CRAWFORD
36,WI,120,DANE
36,WI,130,DODGE
36,WI,140,DOOR
36,WI,150,DOUGLAS
36,WI,160,DUNN
36,WI,170,EAU CLAIRE
36,WI,180,FLORENCE
36,WI,190,FOND DU LAC
36,WI,200,FOREST
36,WI,210,GRANT
36,WI,220,GREEN
36,WI,230,GREEN LAKE
36,WI,240,IOWA
36,WI,250,IRON
36,WI,260,JACKSON
36,WI,270,JEFFERSON
36,WI,280,JUNEAU
36,WI,290,KENOSHA
36,WI,300,KEWAUNEE
36,WI,310,LA CROSSE
36,WI,320,LAFAYETTE
36,WI,330,LANGLADE
36,WI,340,LINCOLN
36,WI,350,MANITOWOC
36,WI,360,MARATHON
36,WI,370,MARINETTE
36,WI,380,MARQUETTE
36,WI,390,MILWAUKEE
36,WI,400,MONROE
36,WI,410,OCONTO
36,WI,420,ONEIDA
36,WI,430,OUTAGAMIE
36,WI,440,OZAUKEE
36,WI,450,PEPIN
36,WI,460,PIERCE
36,WI,470,POLK
36,WI,480,PORTAGE
36,WI,490,PRICE
36,WI,500,RACINE
36,WI,510,RICHLAND
36,WI,520,ROCK
36,WI,530,RUSK
36,WI,540,ST CROIX
36,WI,550,SAUK
36,WI,560,SAWYER
36,WI,570,SHAWANO
36,WI,580,SHEBOYGAN
36,WI,590,TAYLOR
36,WI,600,TREMPEALEAU
36,WI,610,VERNON
36,WI,620,VILAS
36,WI,630,WALWORTH
36,WI,640,WASHBURN
36,WI,650,WASHINGTON
36,WI,660,WAUKESHA
36,WI,670,WAUPACA
36,WI,680,WAUSHARA
36,WI,690,WINNEBAGO
36,WI,700,WOOD
36,WI,710,MENOMINEE
36,WI,990,STATEWIDE
41,MN,0,AITKIN
41,MN,10,ANOKA
41,MN,20,BECKER
41,MN,30,BELTRAMI
41,MN,40,BENTON
41,MN,50,BIG STONE
41,MN,60,BLUE EARTH
41,MN,70,BROWN
41,MN,80,CARLTON
41,MN,90,CARVER
41,MN,100,CASS
41,MN,110,CHIPPEWA
41,MN,120,CHISAGO
41,MN,130,CLAY
41,MN,140,CLEARWATER
41,MN,150,COOK
41,MN,160,COTTONWOOD
41,MN,170,CROW WING
41,MN,180,DAKOTA
41,MN,190,DODGE
41,MN,200,DOUGLAS
41,MN,210,FARIBAULT
41,MN,220,FILLMORE
41,MN,230,FREEBORN
41,MN,240,GOODHUE
41,MN,250,GRANT
41,MN,260,HENNEPIN
41,MN,270,HOUSTON
41,MN,280,HUBBARD
41,MN,290,ISANTI
41,MN,300,ITASCA
41,MN,310,JACKSON
41,MN,320,KANABEC
41,MN,330,KANDIYOHI
41,MN,340,KITTSON
41,MN,350,KOOCHICHING
41,MN,360,LAC QUI PARLE
41,MN,370,LAKE
41,MN,380,LAKE OF THE WOODS
41,MN,390,LE SUEUR
41,MN,400,LINCOLN
41,MN,410,LYON
41,MN,420,MCLEOD
41,MN,430,MAHNOMEN
41,MN,440,MARSHALL
41,MN,450,MARTIN
41,MN,460,MEEKER
41,MN,470,MILLE LACS
41,MN,480,MORRISON
41,MN,490,MOWER
41,MN,500,MURRAY
41,MN,510,NICOLLET
41,MN,520,NOBLES
41,MN,530,NORMAN
41,MN,540,OLMSTED
41,MN,550,OTTER TAIL
41,MN,560,PENNINGTON
41,MN,570,PINE
41,MN,580,PIPESTONE
41,MN,590,POLK
41,MN,600,POPE
41,MN,610,RAMSEY
41,MN,620,RED LAKE
41,MN,630,REDWOOD
41,MN,640,RENVILLE
41,MN,650,RICE
41,MN,660,ROCK
41,MN,670,ROSEAU
41,MN,680,ST LOUIS
41,MN,690,SCOTT
41,MN,700,SHERBURNE
41,MN,710,SIBLEY
41,MN,720,STEARNS
41,MN,730,STEELE
41,MN,740,STEVENS
41,MN,750,SWIFT
41,MN,760,TODD
41,MN,770,TRAVERSE
41,MN,780,WABASHA
41,MN,790,WADENA
41,MN,800,WASECA
41,MN,810,WASHINGTON
41,MN,820,WATONWAN
41,MN,830,WILKIN
41,MN,840,WINONA
41,MN,850,WRIGHT
41,MN,860,YELLOW MEDICINE
41,MN,990,STATEWIDE
42,IA,0,ADAIR
42,IA,10,ADAMS
42,IA,20,ALLAMAKEE
42,IA,30,APPANOOSE
42,IA,40,AUDUBON
42,IA,50,BENTON
42,IA,60,BLACK HAWK
42,IA,70,BOONE
42,IA,80,BREMER
42,IA,90,BUCHANAN
42,IA,100,BUENA VISTA
42,IA,110,BUTLER
42,IA,120,CALHOUN
42,IA,130,CARROLL
42,IA,140,CASS
42,IA,150,CEDAR
42,IA,160,CERRO GORDO
42,IA,170,CHEROKEE
42,IA,180,CHICKASAW
42,IA,190,CLARKE
42,IA,200,CLAY
42,IA,210,CLAYTON
42,IA,220,CLINTON
42,IA,230,CRAWFORD
42,IA,240,DALLAS
42,IA,250,DAVIS
42,IA,260,DECATUR
42,IA,270,DELAWARE
42,IA,280,DES MOINES
42,IA,290,DICKINSON
42,IA,300,DUBUQUE
42,IA,310,EMMET
42,IA,320,FAYETTE
42,IA,330,FLOYD
42,IA,340,FRANKLIN
42,IA,350,FREMONT
42,IA,360,GREENE
42,IA,370,GRUNDY
42,IA,380,GUTHRIE
42,IA,390,HAMILTON
42,IA,400,HANCOCK
42,IA,410,HARDIN
42,IA,420,HARRISON
42,IA,430,HENRY
42,IA,440,HOWARD
42,IA,450,HUMBOLDT
42,IA,460,IDA
42,IA,470,IOWA
42,IA,480,JACKSON
42,IA,490,JASPER
42,IA,500,JEFFERSON
42,IA,510,JOHNSON
42,IA,520,JONES
42,IA,530,KEOKUK
42,IA,540,KOSSUTH
42,IA,550,LEE
42,IA,560,LINN
42,IA,570,LOUISA
42,IA,580,LUCAS
42,IA,590,LYON
42,IA,600,MADISON
42,IA,610,MAHASKA
42,IA,620,MARION
42,IA,630,MARSHALL
42,IA,640,MILLS
42,IA,650,MITCHELL
42,IA,660,MONONA
42,IA,670,MONROE
42,IA,680,MONTGOMERY
42,IA,690,MUSCATINE
42,IA,700,OBRIEN
42,IA,710,OSCEOLA
42,IA,720,PAGE
42,IA,730,PALO ALTO
42,IA,740,PLYMOUTH
42,IA,750,POCAHONTAS
42,IA,760,POLK
42,IA,770,POTTAWATTAMIE
42,IA,780,POWESHIEK
42,IA,790,RINGGOLD
42,IA,800,SAC
42,IA,810,SCOTT
42,IA,820,SHELBY
42,IA,830,SIOUX
42,IA,840,STORY
42,IA,850,TAMA
42,IA,860,TAYLOR
42,IA,870,UNION
42,IA,880,VAN BUREN
42,IA,890,WAPELLO
42,IA,900,WARREN
42,IA,910,WASHINGTON
42,IA,920,WAYNE
42,IA,930,WEBSTER
42,IA,940,WINNEBAGO
42,IA,950,WINNESHIEK
42,IA,960,WOODBURY
42,IA,970,WORTH
42,IA,980,WRIGHT
42,IA,990,STATEWIDE
43,MO,0,ADAIR
43,MO,10,ANDREW
43,MO,21,ATCHISON
43,MO,22,HOLT
43,MO,30,AUDRAIN
43,MO,40,BARRY
43,MO,50,BARTON
43,MO,60,BATES
43,MO,70,BENTON
43,MO,80,BOLLINGER
43,MO,90,BOONE
43,MO,100,BUCHANAN
43,MO,110,BUTLER
43,MO,120,CALDWELL
43,MO,130,CALLAWAY
43,MO,141,CAMDEN
43,MO,142,HICKORY
43,MO,150,CAPE GIRARDEAU
43,MO,160,CARROLL
43,MO,171,CARTER
43,MO,172,REYNOLDS
43,MO,173,WAYNE
43,MO,180,CASS
43,MO,191,CEDAR
43,MO,192,ST CLAIR
43,MO,200,CHARITON
43,MO,211,CHRISTIAN
43,MO,212,STONE
43,MO,213,TANEY
43,MO,221,CLARK
43,MO,222,LEWIS
43,MO,230,CLAY
43,MO,240,CLINTON
43,MO,250,COLE
43,MO,260,COOPER
43,MO,270,CRAWFORD
43,MO,281,DADE
43,MO,282,POLK
43,MO,290,DALLAS
43,MO,300,DAVIESS
43,MO,310,DE KALB
43,MO,320,DENT
43,MO,331,DOUGLAS
43,MO,332,OZARK
43,MO,340,DUNKLIN
43,MO,350,FRANKLIN
43,MO,360,GASCONADE
43,MO,371,GENTRY
43,MO,372,WORTH
43,MO,380,GREENE
43,MO,390,GRUNDY
43,MO,401,HARRISON
43,MO,402,MERCER
43,MO,410,HENRY
43,MO,420,SCOTT
43,MO,430,SHELBY
43,MO,440,HOWARD
43,MO,450,HOWELL
43,MO,461,IRON
43,MO,462,MADISON
43,MO,470,JACKSON
43,MO,480,JASPER
43,MO,490,JEFFERSON
43,MO,500,JOHNSON
43,MO,511,KNOX
43,MO,512,SCOTLAND
43,MO,520,LACLEDE
43,MO,530,LAFAYETTE
43,MO,540,LAWRENCE
43,MO,550,STODDARD
43,MO,560,LINCOLN
43,MO,570,LINN
43,MO,580,LIVINGSTON
43,MO,590,MCDONALD
43,MO,600,MACON
43,MO,610,SULLIVAN
43,MO,620,MARIES
43,MO,630,MARION
43,MO,641,TEXAS
43,MO,642,WRIGHT
43,MO,650,MILLER
43,MO,660,MISSISSIPPI
43,MO,670,MONITEAU
43,MO,680,MONROE
43,MO,690,MONTGOMERY
43,MO,700,MORGAN
43,MO,710,NEW MADRID
43,MO,720,NEWTON
43,MO,730,NODAWAY
43,MO,741,OREGON
43,MO,742,SHANNON
43,MO,750,OSAGE
43,MO,760,VERNON
43,MO,770,PEMISCOT
43,MO,780,PERRY
43,MO,790,PETTIS
43,MO,800,PHELPS
43,MO,810,PIKE
43,MO,820,PLATTE
43,MO,830,WARREN
43,MO,840,PULASKI
43,MO,850,PUTNAM
43,MO,860,RALLS
43,MO,870,RANDOLPH
43,MO,880,RAY
43,MO,890,WASHINGTON
43,MO,900,RIPLEY
43,MO,910,ST CHARLES
43,MO,920,WEBSTER
43,MO,930,ST FRANCOIS
43,MO,940,ST LOUIS
43,MO,950,ST LOUIS CITY
43,MO,960,STE GENEVIEVE
43,MO,970,SALINE
43,MO,980,SCHUYLER
43,MO,990,STATEWIDE
45,ND,0,ADAMS
45,ND,10,BARNES
45,ND,20,BENSON
45,ND,30,BILLINGS
45,ND,40,BOTTINEAU
45,ND,50,BOWMAN
45,ND,60,BURKE
45,ND,70,BURLEIGH
45,ND,80,CASS
45,ND,90,CAVALIER
45,ND,100,DICKEY
45,ND,110,DIVIDE
45,ND,120,DUNN
45,ND,130,EDDY
45,ND,140,EMMONS
45,ND,150,FOSTER
45,ND,160,GOLDEN VALLEY
45,ND,170,GRAND FORKS
45,ND,180,GRANT
45,ND,190,GRIGGS
45,ND,200,HETTINGER
45,ND,210,KIDDER
45,ND,220,LA MOURE
45,ND,230,LOGAN
45,ND,240,MCHENRY
45,ND,250,MCINTOSH
45,ND,260,MCKENZIE
45,ND,270,MCLEAN
45,ND,280,MERCER
45,ND,290,MORTON
45,ND,300,MOUNTRAIL
45,ND,310,NELSON
45,ND,320,OLIVER
45,ND,330,PEMBINA
45,ND,340,PIERCE
45,ND,350,RAMSEY
45,ND,360,RANSOM
45,ND,370,RENVILLE
45,ND,380,RICHLAND
45,ND,390,ROLETTE
45,ND,400,SARGENT
45,ND,410,SHERIDAN
45,ND,420,SIOUX
45,ND,430,SLOPE
45,ND,440,STARK
45,ND,450,STEELE
45,ND,460,STUTSMAN
45,ND,470,TOWNER
45,ND,480,TRAILL
45,ND,490,WALSH
45,ND,500,WARD
45,ND,510,WELLS
45,ND,520,WILLIAMS
45,ND,990,STATEWIDE
46,SD,10,AURORA
46,SD,20,BEADLE
46,SD,30,BENNETT
46,SD,40,BON HOMME
46,SD,50,BROOKINGS
46,SD,60,BROWN
46,SD,70,BRULE
46,SD,80,BUFFALO
46,SD,90,BUTTE
46,SD,100,CAMPBELL
46,SD,110,CHARLES MIX
46,SD,120,CLARK
46,SD,130,CLAY
46,SD,140,CODINGTON
46,SD,150,CORSON
46,SD,160,CUSTER
46,SD,170,DAVISON
46,SD,180,DAY
46,SD,190,DEUEL
46,SD,200,DEWEY
46,SD,210,DOUGLAS
46,SD,220,EDMUNDS
46,SD,230,FALL RIVER
46,SD,240,FAULK
46,SD,250,GRANT
46,SD,260,GREGORY
46,SD,270,HAAKON
46,SD,280,HAMLIN
46,SD,290,HAND
46,SD,300,HANSON
46,SD,310,HARDING
46,SD,320,HUGHES
46,SD,330,HUTCHINSON
46,SD,340,HYDE
46,SD,350,JACKSON
46,SD,360,JERAULD
46,SD,370,JONES
46,SD,380,KINGSBURY
46,SD,390,LAKE
46,SD,400,LAWRENCE
46,SD,410,LINCOLN
46,SD,420,LYMAN
46,SD,430,MCCOOK
46,SD,440,MCPHERSON
46,SD,450,MARSHALL
46,SD,460,MEADE
46,SD,470,MELLETTE
46,SD,480,MINER
46,SD,490,MINNEHAHA
46,SD,500,MOODY
46,SD,510,PENNINGTON
46,SD,520,PERKINS
46,SD,530,POTTER
46,SD,540,ROBERTS
46,SD,550,SANBORN
46,SD,560,SHANNON
46,SD,570,SPINK
46,SD,580,STANLEY
46,SD,590,SULLY
46,SD,600,TODD
46,SD,610,TRIPP
46,SD,620,TURNER
46,SD,630,UNION
46,SD,640,WALWORTH
46,SD,670,YANKTON
46,SD,680,ZIEBACH
46,SD,990,STATEWIDE
47,NE,0,ADAMS
47,NE,10,ANTELOPE
47,NE,20,ARTHUR
47,NE,30,BANNER
47,NE,40,BLAINE
47,NE,50,BOONE
47,NE,60,BOX BUTTE
47,NE,70,BOYD
47,NE,80,BROWN
47,NE,90,BUFFALO
47,NE,100,BURT
47,NE,110,BUTLER
47,NE,120,CASS
47,NE,130,CEDAR
47,NE,140,CHASE
47,NE,150,CHERRY
47,NE,160,CHEYENNE
47,NE,170,CLAY
47,NE,180,COLFAX
47,NE,190,CUMING
47,NE,200,CUSTER
47,NE,210,DAKOTA
47,NE,220,DAWES
47,NE,230,DAWSON
47,NE,240,DEUEL
47,NE,250,DIXON
47,NE,260,DODGE
47,NE,270,DOUGLAS
47,NE,280,DUNDY
47,NE,290,FILLMORE
47,NE,300,FRANKLIN
47,NE,310,FRONTIER
47,NE,320,FURNAS
47,NE,330,GAGE
47,NE,340,GARDEN
47,NE,350,GARFIELD
47,NE,360,GOSPER
47,NE,370,GRANT
47,NE,380,GREELEY
47,NE,390,HALL
47,NE,400,HAMILTON
47,NE,410,HARLAN
47,NE,420,HAYES
47,NE,430,HITCHCOCK
47,NE,440,HOLT
47,NE,450,HOOKER
47,NE,460,HOWARD
47,NE,470,JEFFERSON
47,NE,480,JOHNSON
47,NE,490,KEARNEY
47,NE,500,KEITH
47,NE,510,KEYA PAHA
47,NE,520,KIMBALL
47,NE,530,KNOX
47,NE,540,LANCASTER
47,NE,550,LINCOLN
47,NE,560,LOGAN
47,NE,570,LOUP
47,NE,580,MCPHERSON
47,NE,590,MADISON
47,NE,600,MERRICK
47,NE,610,MORRILL
47,NE,620,NANCE
47,NE,630,NEMAHA
47,NE,640,NUCKOLLS
47,NE,650,OTOE
47,NE,660,PAWNEE
47,NE,670,PERKINS
47,NE,680,PHELPS
47,NE,690,PIERCE
47,NE,700,PLATTE
47,NE,710,POLK
47,NE,720,RED WILLOW
47,NE,730,RICHARDSON
47,NE,740,ROCK
47,NE,750,SALINE
47,NE,760,SARPY
47,NE,770,SAUNDERS
47,NE,780,SCOTTS BLUFF
47,NE,790,SEWARD
47,NE,800,SHERIDAN
47,NE,810,SHERMAN
47,NE,820,SIOUX
47,NE,830,STANTON
47,NE,840,THAYER
47,NE,850,THOMAS
47,NE,860,THURSTON
47,NE,870,VALLEY
47,NE,880,WASHINGTON
47,NE,890,WAYNE
47,NE,900,WEBSTER
47,NE,910,WHEELER
47,NE,920,YORK
47,NE,990,STATEWIDE
48,KS,0,ALLEN
48,KS,10,ANDERSON
48,KS,20,ATCHISON
48,KS,30,BARBER
48,KS,40,BARTON
48,KS,50,BOURBON
48,KS,60,BROWN
48,KS,70,BUTLER
48,KS,80,CHASE
48,KS,90,CHAUTAUQUA
48,KS,100,CHEROKEE
48,KS,110,CHEYENNE
48,KS,120,CLARK
48,KS,130,CLAY
48,KS,140,CLOUD
48,KS,150,COFFEY
48,KS,160,COMANCHE
48,KS,170,COWLEY
48,KS,180,CRAWFORD
48,KS,190,DECATUR
48,KS,200,DICKINSON
48,KS,210,DONIPHAN
48,KS,220,DOUGLAS
48,KS,230,EDWARDS
48,KS,240,ELK
48,KS,250,ELLIS
48,KS,260,ELLSWORTH
48,KS,270,FINNEY
48,KS,280,FORD
48,KS,290,FRANKLIN
48,KS,300,GEARY
48,KS,310,GOVE
48,KS,320,GRAHAM
48,KS,331,GRANT
48,KS,332,HASKELL
48,KS,340,GRAY
48,KS,351,GREELEY
48,KS,352,WICHITA
48,KS,360,GREENWOOD
48,KS,371,HAMILTON
48,KS,372,KEARNY
48,KS,380,HARPER
48,KS,390,HARVEY
48,KS,400,WASHINGTON
48,KS,410,HODGEMAN
48,KS,420,JACKSON
48,KS,430,JEFFERSON
48,KS,440,JEWELL
48,KS,450,JOHNSON
48,KS,460,WILSON
48,KS,470,KINGMAN
48,KS,480,KIOWA
48,KS,490,LABETTE
48,KS,501,LANE
48,KS,502,SCOTT
48,KS,510,LEAVENWORTH
48,KS,520,LINCOLN
48,KS,530,LINN
48,KS,541,LOGAN
48,KS,542,WALLACE
48,KS,550,LYON
48,KS,560,MCPHERSON
48,KS,570,MARION
48,KS,580,MARSHALL
48,KS,590,MEADE
48,KS,600,MIAMI
48,KS,610,MITCHELL
48,KS,620,MONTGOMERY
48,KS,630,MORRIS
48,KS,641,MORTON
48,KS,642,STANTON
48,KS,650,NEMAHA
48,KS,660,NEOSHO
48,KS,670,NESS
48,KS,680,NORTON
48,KS,690,OSAGE
48,KS,700,OSBORNE
48,KS,710,OTTAWA
48,KS,720,PAWNEE
48,KS,730,PHILLIPS
48,KS,740,POTTAWATOMIE
48,KS,750,PRATT
48,KS,760,RAWLINS
48,KS,770,RENO
48,KS,780,REPUBLIC
48,KS,790,RICE
48,KS,800,RILEY
48,KS,810,ROOKS
48,KS,820,RUSH
48,KS,830,RUSSELL
48,KS,840,SALINE
48,KS,850,WOODSON
48,KS,860,SEDGWICK
48,KS,870,SEWARD
48,KS,880,SHAWNEE
50,FL,0,ALACHUA
50,FL,10,BAKER
50,FL,20,BAY
50,FL,30,BRADFORD
50,FL,40,BREVARD
50,FL,50,BROWARD
50,FL,60,CALHOUN
50,FL,70,CHARLOTTE
50,FL,80,CITRUS
50,FL,90,CLAY
50,FL,100,COLLIER
50,FL,110,COLUMBIA
50,FL,120,DADE
50,FL,130,DE SOTO
50,FL,140,DIXIE
50,FL,150,DUVAL
50,FL,160,ESCAMBIA
50,FL,170,FLAGLER
50,FL,180,FRANKLIN
50,FL,190,GADSDEN
50,FL,200,GILCHRIST
50,FL,210,GLADES
50,FL,220,GULF
50,FL,230,HAMILTON
50,FL,240,HARDEE
50,FL,250,HENDRY
50,FL,260,HERNANDO
50,FL,270,HIGHLANDS
50,FL,280,HILLSBOROUGH
50,FL,290,HOLMES
50,FL,300,INDIAN RIVER
50,FL,310,JACKSON
50,FL,320,JEFFERSON
50,FL,330,LAFAYETTE
50,FL,340,LAKE
50,FL,350,LEE
50,FL,360,LEON
50,FL,370,LEVY
50,FL,380,LIBERTY
50,FL,390,MADISON
50,FL,400,MANATEE
50,FL,410,MARION
50,FL,420,MARTIN
50,FL,430,MONROE
50,FL,440,NASSAU
50,FL,450,OKALOOSA
50,FL,460,OKEECHOBEE
50,FL,470,ORANGE
50,FL,480,OSCEOLA
50,FL,490,PALM BEACH
50,FL,500,PASCO
50,FL,510,PINELLAS
50,FL,520,POLK
50,FL,530,PUTNAM
50,FL,540,ST JOHNS
50,FL,550,ST LUCIE
50,FL,560,SANTA ROSA
50,FL,570,SARASOTA
50,FL,580,SEMINOLE
50,FL,590,SUMTER
50,FL,600,SUWANNEE
50,FL,610,TAYLOR
50,FL,620,UNION
50,FL,630,VOLUSIA
50,FL,640,WAKULLA
50,FL,650,WALTON
50,FL,660,WASHINGTON
50,FL,990,STATEWIDE
51,DE,0,KENT
51,DE,10,NEW CASTLE
51,DE,20,SUSSEX
51,DE,990,STATEWIDE
52,MD,0,ALLEGANY
52,MD,10,ANNE ARUNDEL
52,MD,20,BALTIMORE
52,MD,30,BALTIMORE CITY
52,MD,40,CALVERT
52,MD,50,CAROLINE
52,MD,60,CARROLL
52,MD,70,CECIL
52,MD,80,CHARLES
52,MD,90,DORCHESTER
52,MD,100,FREDERICK
52,MD,110,GARRETT
52,MD,120,HARFORD
52,MD,130,HOWARD
52,MD,140,KENT
52,MD,150,MONTGOMERY
52,MD,160,PRINCE GEORGES
52,MD,170,QUEEN ANNES
52,MD,180,ST MARYS
52,MD,190,SOMERSET
52,MD,200,TALBOT
52,MD,210,WASHINGTON
52,MD,220,WICOMICO
52,MD,230,WORCESTER
52,MD,990,STATEWIDE
53,VA,0,ACCOMACK
53,VA,10,ALBEMARLE
53,VA,11,CHARLOTTESVILLE CITY
53,VA,20,ALLEGHANY
53,VA,21,COVINGTON CITY
53,VA,22,CLIFTON FORGE CITY
53,VA,30,AMELIA
53,VA,40,AMHERST
53,VA,50,APPOMATTOX
53,VA,60,ARLINGTON
53,VA,61,ALEXANDRIA CITY
53,VA,70,AUGUSTA
53,VA,71,STAUNTON CITY
53,VA,72,WAYNESBORO CITY
53,VA,80,BATH
53,VA,90,BEDFORD
53,VA,100,BLAND
53,VA,110,BOTETOURT
53,VA,120,BRUNSWICK
53,VA,130,BUCHANAN
53,VA,140,BUCKINGHAM
53,VA,150,CAMPBELL
53,VA,151,LYNCHBURG CITY
53,VA,160,CAROLINE
53,VA,170,CARROLL
53,VA,171,GALAX CITY
53,VA,181,CHARLES CITY
53,VA,182,NEW KENT
53,VA,190,CHARLOTTE
53,VA,200,CHESTERFIELD
53,VA,202,COLONIAL HEIGHTS CITY
53,VA,210,CLARKE
53,VA,220,CRAIG
53,VA,230,CULPEPER
53,VA,240,CUMBERLAND
53,VA,250,DICKENSON
53,VA,260,DINWIDDIE
53,VA,261,PETERSBURG CITY
53,VA,270,HAMPTON CITY
53,VA,280,ESSEX
53,VA,290,FAIRFAX
53,VA,291,FALLS CHURCH CITY
53,VA,292,FAIRFAX CITY
53,VA,300,FAUQUIER
53,VA,310,FLOYD
53,VA,320,FLUVANNA
53,VA,330,FRANKLIN
53,VA,340,FREDERICK
53,VA,341,WINCHESTER CITY
53,VA,350,GILES
53,VA,360,GLOUCESTER
53,VA,370,GOOCHLAND
53,VA,380,GRAYSON
53,VA,390,GREENE
53,VA,400,GREENSVILLE
53,VA,401,EMPORIA
53,VA,410,HALIFAX
53,VA,411,SOUTH BOSTON
53,VA,420,HANOVER
53,VA,430,HENRICO
53,VA,431,RICHMOND CITY
53,VA,440,HENRY
53,VA,441,MARTINSVILLE CITY
53,VA,450,HIGHLAND
53,VA,460,ISLE OF WIGHT
53,VA,470,JAMES CITY
53,VA,480,KING AND QUEEN
53,VA,490,KING GEORGE
53,VA,500,KING WILLIAM
53,VA,510,LANCASTER
53,VA,520,LEE
53,VA,530,LOUDON
53,VA,540,LOUISA
53,VA,550,LUNENBURG
53,VA,560,MADISON
53,VA,570,MATHEWS
53,VA,580,MECKLENBURG
53,VA,590,MIDDLESEX
53,VA,600,MONTGOMERY
53,VA,601,RADFORD CITY
53,VA,610,NANSEMOND
53,VA,611,SUFFOLK CITY
53,VA,620,NELSON
53,VA,630,YORK
53,VA,631,WILLIAMSBURG CITY
53,VA,640,CHESAPEAKE CITY
53,VA,641,NORFOLK CITY
53,VA,642,PORTSMOUTH CITY
53,VA,650,NORTHAMPTON
53,VA,660,NORTHUMBERLAND
53,VA,670,NOTTOWAY
53,VA,680,ORANGE
53,VA,690,PAGE
53,VA,700,PATRICK
53,VA,710,PITTSYLVANIA
53,VA,711,DANVILLE CITY
53,VA,720,POWHATAN
53,VA,730,PRINCE EDWARD
53,VA,740,PRINCE GEORGE
53,VA,741,HOPEWELL CITY
53,VA,750,VIRGINIA BEACH CITY
53,VA,760,PRINCE WILLIAM
53,VA,770,PULASKI
53,VA,780,RAPPAHANNOCK
53,VA,790,RICHMOND
53,VA,800,ROANOKE
53,VA,801,ROANOKE CITY
53,VA,802,SALEM
53,VA,810,ROCKBRIDGE
53,VA,811,BUENA VISTA CITY
53,VA,812,LEXINGTON
53,VA,820,ROCKINGHAM
53,VA,821,HARRISONBURG CITY
53,VA,830,RUSSELL
53,VA,840,SCOTT
53,VA,850,SHENANDOAH
53,VA,860,SMYTH
53,VA,870,SOUTHAMPTON
53,VA,871,FRANKLIN CITY
53,VA,880,SPOTSYLVANIA
53,VA,881,FREDERICKSBURG CITY
53,VA,890,STAFFORD
53,VA,900,SURRY
53,VA,910,SUSSEX
53,VA,920,TAZEWELL
53,VA,930,WARREN
53,VA,940,NEWPORT NEWS CITY
53,VA,950,WASHINGTON
53,VA,951,BRISTOL CITY
53,VA,960,WESTMORELAND
53,VA,970,WISE
53,VA,971,NORTON CITY
53,VA,980,WYTHE
53,VA,990,STATEWIDE
54,DC,0,DISTRICT OF COLUMBIA
55,WV,0,BARBOUR
55,WV,10,BERKELEY
55,WV,20,BOONE
55,WV,30,BRAXTON
55,WV,40,BROOKE
55,WV,50,CABELL
55,WV,60,CALHOUN
55,WV,70,CLAY
55,WV,80,DODDRIDGE
55,WV,90,FAYETTE
55,WV,100,GILMER
55,WV,110,GRANT
55,WV,120,GREENBRIER
55,WV,130,HAMPSHIRE
55,WV,140,HANCOCK
55,WV,150,HARDY
55,WV,160,HARRISON
55,WV,170,JACKSON
55,WV,180,JEFFERSON
55,WV,190,KANAWHA
55,WV,200,LEWIS
55,WV,210,LINCOLN
55,WV,220,LOGAN
55,WV,230,MCDOWELL
55,WV,240,MARION
55,WV,250,MARSHALL
55,WV,260,MASON
55,WV,270,MERCER
55,WV,280,MINERAL
55,WV,290,MINGO
55,WV,300,MONONGALIA
55,WV,310,MONROE
55,WV,320,MORGAN
55,WV,330,NICHOLAS
55,WV,340,OHIO
55,WV,350,PENDLETON
55,WV,360,PLEASANTS
55,WV,370,POCAHONTAS
55,WV,380,PRESTON
55,WV,390,PUTNAM
55,WV,400,RALEIGH
55,WV,410,RANDOLPH
55,WV,420,RITCHIE
55,WV,430,ROANE
55,WV,440,SUMMERS
55,WV,450,TAYLOR
55,WV,460,TUCKER
55,WV,470,TYLER
55,WV,480,UPSHUR
55,WV,490,WAYNE
55,WV,500,WEBSTER
55,WV,510,WETZEL
55,WV,520,WIRT
55,WV,530,WOOD
55,WV,540,WYOMING
55,WV,990,STATEWIDE
56,NC,0,ALAMANCE
56,NC,10,ALEXANDER
56,NC,20,ALLEGHANY
56,NC,30,ANSON
56,NC,40,ASHE
56,NC,50,AVERY
56,NC,60,BEAUFORT
56,NC,70,BERTIE
56,NC,80,BLADEN
56,NC,90,BRUNSWICK
56,NC,100,BUNCOMBE
56,NC,110,BURKE
56,NC,120,CABARRUS
56,NC,130,CALDWELL
56,NC,141,CAMDEN
56,NC,142,CURRITUCK
56,NC,150,CARTERET
56,NC,160,CASWELL
56,NC,170,CATAWBA
56,NC,180,CHATHAM
56,NC,190,CHEROKEE
56,NC,200,CHOWAN
56,NC,210,CLAY
56,NC,220,CLEVELAND
56,NC,230,COLUMBUS
56,NC,240,CRAVEN
56,NC,250,CUMBERLAND
56,NC,260,YANCEY
56,NC,270,DARE
56,NC,280,DAVIDSON
56,NC,290,DAVIE
56,NC,300,DUPLIN
56,NC,310,DURHAM
56,NC,320,EDGECOMBE
56,NC,330,FORSYTH
56,NC,340,FRANKLIN
56,NC,350,GASTON
56,NC,360,GATES
56,NC,370,GRAHAM
56,NC,380,GRANVILLE
56,NC,390,GREENE
56,NC,400,GUILFORD
56,NC,410,HALIFAX
56,NC,420,HARNETT
56,NC,430,HAYWOOD
56,NC,440,HENDERSON
56,NC,450,HERTFORD
56,NC,460,HOKE
56,NC,470,HYDE
56,NC,480,IREDELL
56,NC,490,JACKSON
56,NC,500,JOHNSTON
56,NC,510,JONES
56,NC,520,LEE
56,NC,530,LENOIR
56,NC,540,LINCOLN
56,NC,550,MCDOWELL
56,NC,560,MACON
56,NC,570,MADISON
56,NC,580,MARTIN
56,NC,590,MECKLENBURG
56,NC,600,MITCHELL
56,NC,610,MONTGOMERY
56,NC,620,MOORE
56,NC,630,NASH
56,NC,640,NEW HANOVER
56,NC,650,NORTHAMPTON
56,NC,660,ONSLOW
56,NC,670,ORANGE
56,NC,680,PAMLICO
56,NC,690,PASQUOTANK
56,NC,700,PENDER
56,NC,710,PERQUIMANS
56,NC,720,PERSON
56,NC,730,PITT
56,NC,740,POLK
56,NC,750,RANDOLPH
56,NC,760,RICHMOND
56,NC,770,ROBESON
56,NC,780,ROCKINGHAM
56,NC,790,ROWAN
56,NC,800,RUTHERFORD
56,NC,810,SAMPSON
56,NC,820,SCOTLAND
56,NC,830,STANLY
56,NC,840,STOKES
56,NC,850,SURRY
56,NC,860,SWAIN
56,NC,870,TRANSYLVANIA
56,NC,880,TYRRELL
56,NC,890,UNION
56,NC,900,VANCE
56,NC,910,WAKE
56,NC,920,WARREN
56,NC,930,WASHINGTON
56,NC,940,WATAUGA
56,NC,950,WAYNE
56,NC,960,WILKES
56,NC,970,WILSON
56,NC,980,YADKIN
56,NC,990,STATEWIDE
57,SC,0,ABBEVILLE
57,SC,10,AIKEN
57,SC,20,ALLENDALE
57,SC,30,ANDERSON
57,SC,40,BAMBERG
57,SC,50,BARNWELL
57,SC,60,BEAUFORT
57,SC,70,BERKELEY
57,SC,80,CALHOUN
57,SC,90,CHARLESTON
57,SC,100,CHEROKEE
57,SC,110,CHESTER
57,SC,120,CHESTERFIELD
57,SC,130,CLARENDON
57,SC,140,COLLETON
57,SC,150,DARLINGTON
57,SC,160,DILLON
57,SC,170,DORCHESTER
57,SC,180,EDGEFIELD
57,SC,190,FAIRFIELD
57,SC,200,FLORENCE
57,SC,210,GEORGETOWN
57,SC,220,GREENVILLE
57,SC,230,GREENWOOD
57,SC,240,HAMPTON
57,SC,250,HORRY
57,SC,260,JASPER
57,SC,270,KERSHAW
57,SC,280,LANCASTER
57,SC,290,LAURENS
57,SC,300,LEE
57,SC,310,LEXINGTON
57,SC,320,MCCORMICK
57,SC,330,MARION
57,SC,340,MARLBORO
57,SC,350,NEWBERRY
57,SC,360,OCONEE
57,SC,370,ORANGEBURG
57,SC,380,PICKENS
57,SC,390,RICHLAND
57,SC,400,SALUDA
57,SC,410,SPARTANBURG
57,SC,420,SUMTER
57,SC,430,UNION
57,SC,440,WILLIAMSBURG
57,SC,450,YORK
57,SC,990,STATEWIDE
58,GA,1,APPLING
58,GA,2,BACON
58,GA,3,COFFEE
58,GA,4,JEFF DAVIS
58,GA,11,ATKINSON
58,GA,12,CLINCH
58,GA,21,BAKER
58,GA,22,CALHOUN
58,GA,31,BALDWIN
58,GA,32,WILKINSON
58,GA,40,BANKS
58,GA,50,BARROW
58,GA,60,BARTOW
58,GA,71,BEN HILL
58,GA,72,IRWIN
58,GA,73,TURNER
58,GA,74,WILCOX
58,GA,81,BERRIEN
58,GA,82,COOK
58,GA,90,BIBB
58,GA,101,BLECKLEY
58,GA,102,PULASKI
58,GA,110,BRANTLEY
58,GA,120,BROOKS
58,GA,131,BRYAN
58,GA,132,EFFINGHAM
58,GA,140,BULLOCH
58,GA,150,BURKE
58,GA,161,BUTTS
58,GA,162,LAMAR
58,GA,163,PIKE
58,GA,170,CAMDEN
58,GA,181,CANDLER
58,GA,182,EVANS
58,GA,183,TATTNALL
58,GA,184,TOOMBS
58,GA,190,CARROLL
58,GA,201,CATOOSA
58,GA,202,DADE
58,GA,203,WALKER
58,GA,210,CHARLTON
58,GA,220,CHATHAM
58,GA,230,CHATTAHOOCHEE
58,GA,240,CHATTOOGA
58,GA,250,CHEROKEE
58,GA,260,CLARKE
58,GA,271,CLAY
58,GA,272,QUITMAN
58,GA,273,RANDOLPH
58,GA,281,CLAYTON
58,GA,282,FAYETTE
58,GA,283,HENRY
58,GA,290,COBB
58,GA,300,COLQUITT
58,GA,310,COLUMBIA
58,GA,320,COWETA
58,GA,330,CRAWFORD
58,GA,341,CRISP
58,GA,342,DOOLY
58,GA,351,DAWSON
58,GA,352,FORSYTH
58,GA,353,LUMPKIN
58,GA,354,PICKENS
58,GA,360,DECATUR
58,GA,370,DE KALB
58,GA,380,DODGE
58,GA,390,DOUGHERTY
58,GA,400,DOUGLAS
58,GA,411,EARLY
58,GA,412,MILLER
58,GA,413,SEMINOLE
58,GA,421,ECHOLS
58,GA,422,LANIER
58,GA,431,ELBERT
58,GA,432,FRANKLIN
58,GA,433,HART
58,GA,440,EMANUEL
58,GA,451,FANNIN
58,GA,452,GILMER
58,GA,453,MURRAY
58,GA,454,UNION
58,GA,460,FLOYD
58,GA,470,FULTON
58,GA,481,GLASCOCK
58,GA,482,MCDUFFIE
58,GA,483,WARREN
58,GA,490,GLYNN
58,GA,500,GORDON
58,GA,510,GRADY
58,GA,521,GREENE
58,GA,522,MORGAN
58,GA,530,GWINNETT
58,GA,541,HABERSHAM
58,GA,542,RABUN
58,GA,543,STEPHENS
58,GA,544,TOWNS
58,GA,545,WHITE
58,GA,550,HALL
58,GA,561,HANCOCK
58,GA,562,JASPER
58,GA,563,PUTNAM
58,GA,570,HARALSON
58,GA,580,HARRIS
58,GA,590,HEARD
58,GA,601,HOUSTON
58,GA,602,PEACH
58,GA,603,TWIGGS
58,GA,610,JACKSON
58,GA,620,JEFFERSON
58,GA,630,JENKINS
58,GA,641,JOHNSON
58,GA,642,TREUTLEN
58,GA,650,JONES
58,GA,660,LAURENS
58,GA,671,LEE
58,GA,672,TERRELL
58,GA,681,LIBERTY
58,GA,682,LONG
58,GA,683,MCINTOSH
58,GA,691,LINCOLN
58,GA,692,TALIAFERRO
58,GA,693,WILKES
58,GA,700,LOWNDES
58,GA,710,MACON
58,GA,720,MADISON
58,GA,731,MARION
58,GA,732,SCHLEY
58,GA,733,STEWART
58,GA,734,WEBSTER
58,GA,740,MERIWETHER
58,GA,750,MITCHELL
58,GA,760,MONROE
58,GA,771,MONTGOMERY
58,GA,772,TELFAIR
58,GA,773,WHEELER
58,GA,780,MUSCOGEE
58,GA,791,NEWTON
58,GA,792,ROCKDALE
58,GA,801,OCONEE
58,GA,802,OGLETHORPE
58,GA,810,PAULDING
58,GA,820,PIERCE
58,GA,830,POLK
58,GA,840,RICHMOND
58,GA,850,SCREVEN
58,GA,860,SPALDING
58,GA,870,SUMTER
58,GA,881,TALBOT
58,GA,882,TAYLOR
58,GA,890,THOMAS
58,GA,900,TIFT
58,GA,910,TROUP
58,GA,920,UPSON
58,GA,930,WALTON
58,GA,940,WARE
58,GA,950,WASHINGTON
58,GA,960,WAYNE
58,GA,970,WHITFIELD
58,GA,980,WORTH
58,GA,990,STATEWIDE
61,KY,1,ADAIR
61,KY,2,GREEN
61,KY,3,METCALFE
61,KY,10,ALLEN
61,KY,21,ANDERSON
61,KY,22,WASHINGTON
61,KY,30,BALLARD
61,KY,40,BARREN
61,KY,51,BATH
61,KY,52,MENIFEE
61,KY,60,BELL
61,KY,71,BOONE
61,KY,72,CARROLL
61,KY,73,GALLATIN
61,KY,80,BOURBON
61,KY,90,BOYD
61,KY,100,BOYLE
61,KY,110,BRACKEN
61,KY,120,BREATHITT
61,KY,130,BRECKINRIDGE
61,KY,141,BULLITT
61,KY,142,SPENCER
61,KY,151,BUTLER
61,KY,152,EDMONSON
61,KY,160,CALDWELL
61,KY,170,CALLOWAY
61,KY,180,CAMPBELL
61,KY,191,CARLISLE
61,KY,192,FULTON
61,KY,193,HICKMAN
61,KY,200,PULASKI
61,KY,210,CARTER
61,KY,220,CASEY
61,KY,230,CHRISTIAN
61,KY,240,CLARK
61,KY,250,CLAY
61,KY,261,CLINTON
61,KY,262,CUMBERLAND
61,KY,263,RUSSELL
61,KY,270,CRITTENDEN
61,KY,280,ROCKCASTLE
61,KY,290,DAVIESS
61,KY,300,SCOTT
61,KY,311,ELLIOT
61,KY,312,MORGAN
61,KY,313,ROWAN
61,KY,321,ESTILL
61,KY,322,POWELL
61,KY,330,FAYETTE
61,KY,341,FLEMING
61,KY,342,ROBERTSON
61,KY,350,FLOYD
61,KY,360,FRANKLIN
61,KY,370,SHELBY
61,KY,380,TAYLOR
61,KY,390,GARRARD
61,KY,401,GRANT
61,KY,402,PENDLETON
61,KY,410,GRAVES
61,KY,420,GRAYSON
61,KY,430,TODD
61,KY,440,GREENUP
61,KY,450,HANCOCK
61,KY,461,HARDIN
61,KY,462,MEADE
61,KY,470,HARLAN
61,KY,480,HARRISON
61,KY,490,HART
61,KY,500,HENDERSON
61,KY,510,HENRY
61,KY,520,TRIGG
61,KY,530,HOPKINS
61,KY,540,JACKSON
61,KY,550,JEFFERSON
61,KY,560,JESSAMINE
61,KY,570,JOHNSON
61,KY,580,KENTON
61,KY,590,KNOTT
61,KY,600,KNOX
61,KY,610,LARUE
61,KY,620,LAUREL
61,KY,630,LAWRENCE
61,KY,641,LEE
61,KY,642,OWSLEY
61,KY,643,WOLFE
61,KY,650,LESLIE
61,KY,660,LETCHER
61,KY,670,LEWIS
61,KY,680,LINCOLN
61,KY,690,LIVINGSTON
61,KY,701,LOGAN
61,KY,702,SIMPSON
61,KY,710,LYON
61,KY,720,MCCRACKEN
61,KY,730,MCCREARY
61,KY,740,MCLEAN
61,KY,750,MADISON
61,KY,760,MAGOFFIN
61,KY,770,MARION
61,KY,780,MARSHALL
61,KY,790,MARTIN
61,KY,800,MASON
61,KY,810,TRIMBLE
61,KY,820,UNION
61,KY,830,MERCER
61,KY,840,WARREN
61,KY,850,MONROE
61,KY,860,MONTGOMERY
61,KY,870,WAYNE
61,KY,880,MUHLENBERG
61,KY,890,NELSON
61,KY,900,NICHOLAS
61,KY,910,OHIO
61,KY,920,OLDHAM
61,KY,930,OWEN
61,KY,940,WEBSTER
61,KY,950,WHITLEY
61,KY,960,PERRY
61,KY,970,PIKE
61,KY,980,WOODFORD
61,KY,990,STATEWIDE
63,TN,0,ANDERSON
63,TN,10,BEDFORD
63,TN,20,BENTON
63,TN,30,BLEDSOE
63,TN,40,BLOUNT
63,TN,50,BRADLEY
63,TN,60,CAMPBELL
63,TN,70,CANNON
63,TN,80,CARROLL
63,TN,90,CARTER
63,TN,100,CHEATHAM
63,TN,110,CHESTER
63,TN,120,CLAIBORNE
63,TN,130,CLAY
63,TN,140,COCKE
63,TN,150,COFFEE
63,TN,160,CROCKETT
63,TN,170,CUMBERLAND
63,TN,180,DAVIDSON
63,TN,190,DECATUR
63,TN,200,DE KALB
63,TN,210,DICKSON
63,TN,220,DYER
63,TN,230,FAYETTE
63,TN,240,FENTRESS
63,TN,250,FRANKLIN
63,TN,260,GIBSON
63,TN,270,GILES
63,TN,280,GRAINGER
63,TN,290,GREENE
63,TN,300,GRUNDY
63,TN,310,HAMBLEN
63,TN,320,HAMILTON
63,TN,330,HANCOCK
63,TN,340,HARDEMAN
63,TN,350,HARDIN
63,TN,360,HAWKINS
63,TN,370,HAYWOOD
63,TN,380,HENDERSON
63,TN,390,HENRY
63,TN,400,HICKMAN
63,TN,410,HOUSTON
63,TN,420,HUMPHREYS
63,TN,430,JACKSON
63,TN,440,JEFFERSON
63,TN,450,JOHNSON
63,TN,460,KNOX
63,TN,470,LAKE
63,TN,480,LAUDERDALE
63,TN,490,LAWRENCE
63,TN,500,LEWIS
63,TN,510,LINCOLN
63,TN,520,LOUDON
63,TN,530,MCMINN
63,TN,540,MCNAIRY
63,TN,550,MACON
63,TN,560,MADISON
63,TN,570,MARION
63,TN,580,MARSHALL
63,TN,590,MAURY
63,TN,600,MEIGS
63,TN,610,MONROE
63,TN,620,MONTGOMERY
63,TN,630,MOORE
63,TN,640,MORGAN
63,TN,650,OBION
63,TN,660,OVERTON
63,TN,670,PERRY
63,TN,680,PICKETT
63,TN,690,POLK
63,TN,700,PUTNAM
63,TN,710,RHEA
63,TN,720,ROANE
63,TN,730,ROBERTSON
63,TN,740,RUTHERFORD
63,TN,750,SCOTT
63,TN,760,SEQUATCHIE
63,TN,770,SEVIER
63,TN,780,SHELBY
63,TN,790,SMITH
63,TN,800,STEWART
63,TN,810,SULLIVAN
63,TN,820,SUMNER
63,TN,830,TIPTON
63,TN,840,TROUSDALE
63,TN,850,UNICOI
63,TN,860,UNION
63,TN,870,VAN BUREN
63,TN,880,WARREN
63,TN,890,WASHINGTON
63,TN,900,WAYNE
63,TN,910,WEAKLEY
63,TN,920,WHITE
63,TN,930,WILLIAMSON
63,TN,940,WILSON
63,TN,990,STATEWIDE
64,AL,0,AUTAUGA
64,AL,10,BALDWIN
64,AL,20,BARBOUR
64,AL,30,BIBB
64,AL,40,BLOUNT
64,AL,50,BULLOCK
64,AL,60,BUTLER
64,AL,70,CALHOUN
64,AL,80,CHAMBERS
64,AL,90,CHEROKEE
64,AL,100,CHILTON
64,AL,110,CHOCTAW
64,AL,120,CLARKE
64,AL,130,CLAY
64,AL,140,CLEBURNE
64,AL,150,COFFEE
64,AL,160,COLBERT
64,AL,170,CONECUH
64,AL,180,COOSA
64,AL,190,COVINGTON
64,AL,200,CRENSHAW
64,AL,210,CULLMAN
64,AL,220,DALE
64,AL,230,DALLAS
64,AL,240,DE KALB
64,AL,250,ELMORE
64,AL,260,ESCAMBIA
64,AL,270,ETOWAH
64,AL,280,FAYETTE
64,AL,290,FRANKLIN
64,AL,300,GENEVA
64,AL,310,GREENE
64,AL,320,HALE
64,AL,330,HENRY
64,AL,340,HOUSTON
64,AL,350,JACKSON
64,AL,360,JEFFERSON
64,AL,370,LAMAR
64,AL,380,LAUDERDALE
64,AL,390,LAWRENCE
64,AL,400,LEE
64,AL,410,LIMESTONE
64,AL,420,LOWNDES
64,AL,430,MACON
64,AL,440,MADISON
64,AL,450,MARENGO
64,AL,460,MARION
64,AL,470,MARSHALL
64,AL,480,MOBILE
64,AL,490,MONROE
64,AL,500,MONTGOMERY
64,AL,510,MORGAN
64,AL,520,PERRY
64,AL,530,PICKENS
64,AL,540,PIKE
64,AL,550,RANDOLPH
64,AL,560,RUSSELL
64,AL,570,ST CLAIR
64,AL,580,SHELBY
64,AL,590,SUMTER
64,AL,600,TALLADEGA
64,AL,610,TALLAPOOSA
64,AL,620,TUSCALOOSA
64,AL,630,WALKER
64,AL,640,WASHINGTON
64,AL,650,WILCOX
64,AL,660,WINSTON
64,AL,990,STATEWIDE
65,MS,0,ADAMS
65,MS,10,ALCORN
65,MS,20,AMITE
65,MS,30,ATTALA
65,MS,40,BENTON
65,MS,50,BOLIVAR
65,MS,60,CALHOUN
65,MS,70,CARROLL
65,MS,80,CHICKASAW
65,MS,90,CHOCTAW
65,MS,100,CLAIBORNE
65,MS,110,CLARKE
65,MS,120,CLAY
65,MS,130,COAHOMA
65,MS,140,COPIAH
65,MS,150,COVINGTON
65,MS,160,DE SOTO
65,MS,170,FORREST
65,MS,180,FRANKLIN
65,MS,190,GEORGE
65,MS,200,GREENE
65,MS,210,GRENADA
65,MS,220,HANCOCK
65,MS,230,HARRISON
65,MS,240,HINDS
65,MS,250,HOLMES
65,MS,260,HUMPHREYS
65,MS,270,ISSAQUENA
65,MS,280,ITAWAMBA
65,MS,290,JACKSON
65,MS,300,JASPER
65,MS,310,JEFFERSON
65,MS,320,JEFFERSON DAVIS
65,MS,330,JONES
65,MS,340,KEMPER
65,MS,350,LAFAYETTE
65,MS,360,LAMAR
65,MS,370,LAUDERDALE
65,MS,380,LAWRENCE
65,MS,390,LEAKE
65,MS,400,LEE
65,MS,410,LEFLORE
65,MS,420,LINCOLN
65,MS,430,LOWNDES
65,MS,440,MADISON
65,MS,450,MARION
65,MS,460,MARSHALL
65,MS,470,MONROE
65,MS,480,MONTGOMERY
65,MS,490,NESHOBA
65,MS,500,NEWTON
65,MS,510,NOXUBEE
65,MS,520,OKTIBBEHA
65,MS,530,PANOLA
65,MS,540,PEARL RIVER
65,MS,550,PERRY
65,MS,560,PIKE
65,MS,570,PONTOTOC
65,MS,580,PRENTISS
65,MS,590,QUITMAN
65,MS,600,RANKIN
65,MS,610,SCOTT
65,MS,620,SHARKEY
65,MS,630,SIMPSON
65,MS,640,SMITH
65,MS,650,STONE
65,MS,660,SUNFLOWER
65,MS,670,TALLAHATCHIE
65,MS,680,TATE
65,MS,690,TIPPAH
65,MS,700,TISHOMINGO
65,MS,710,TUNICA
65,MS,720,UNION
65,MS,730,WALTHALL
65,MS,740,WARREN
65,MS,750,WASHINGTON
65,MS,760,WAYNE
65,MS,770,WEBSTER
65,MS,780,WILKINSON
65,MS,790,WINSTON
65,MS,800,YALOBUSHA
65,MS,810,YAZOO
65,MS,990,STATEWIDE
71,AK,0,ARKANSAS
71,AK,10,ASHLEY
71,AK,20,BAXTER
71,AK,30,BENTON
71,AK,40,BOONE
71,AK,50,BRADLEY
71,AK,60,CALHOUN
71,AK,70,CARROLL
71,AK,80,CHICOT
71,AK,90,CLARK
71,AK,100,CLAY
71,AK,110,CLEBURNE
71,AK,120,CLEVELAND
71,AK,130,COLUMBIA
71,AK,140,CONWAY
71,AK,150,CRAIGHEAD
71,AK,160,CRAWFORD
71,AK,170,CRITTENDEN
71,AK,180,CROSS
71,AK,190,DALLAS
71,AK,200,DESHA
71,AK,210,DREW
71,AK,220,FAULKNER
71,AK,230,FRANKLIN
71,AK,240,FULTON
71,AK,250,GARLAND
71,AK,260,GRANT
71,AK,270,GREENE
71,AK,280,HEMPSTEAD
71,AK,290,HOT SPRING
71,AK,300,HOWARD
71,AK,310,INDEPENDENCE
71,AK,320,IZARD
71,AK,330,JACKSON
71,AK,340,JEFFERSON
71,AK,350,JOHNSON
71,AK,360,LAFAYETTE
71,AK,370,LAWRENCE
71,AK,380,LEE
71,AK,390,LINCOLN
71,AK,400,LITTLE RIVER
71,AK,410,LOGAN
71,AK,420,LONOKE
71,AK,430,MADISON
71,AK,440,MARION
71,AK,450,MILLER
71,AK,460,MISSISSIPPI
71,AK,470,MONROE
71,AK,480,MONTGOMERY
71,AK,490,NEVADA
71,AK,500,NEWTON
71,AK,510,OUACHITA
71,AK,520,PERRY
71,AK,530,PHILLIPS
71,AK,540,PIKE
71,AK,550,POINSETT
71,AK,560,POLK
71,AK,570,POPE
71,AK,580,PRAIRIE
71,AK,590,PULASKI
71,AK,600,RANDOLPH
71,AK,610,ST FRANCIS
71,AK,620,SALINE
71,AK,630,SCOTT
71,AK,640,SEARCY
71,AK,650,SEBASTIAN
71,AK,660,SEVIER
71,AK,670,SHARP
71,AK,680,STONE
71,AK,690,UNION
71,AK,700,VAN BUREN
71,AK,710,WASHINGTON
71,AK,720,WHITE
71,AK,730,WOODRUFF
71,AK,740,YELL
71,AK,990,STATEWIDE
72,LA,0,ACADIA
72,LA,10,ALLEN
72,LA,20,ASCENSION
72,LA,30,ASSUMPTION
72,LA,40,AVOYELLES
72,LA,50,BEAUREGARD
72,LA,60,BIENVILLE
72,LA,70,BOSSIER
72,LA,80,CADDO
72,LA,90,CALCASIEU
72,LA,100,CALDWELL
72,LA,110,CAMERON
72,LA,120,CATAHOULA
72,LA,130,CLAIBORNE
72,LA,140,CONCORDIA
72,LA,150,DE SOTO
72,LA,160,EAST BATON ROUGE
72,LA,170,EAST CARROLL
72,LA,180,EAST FELICIANA
72,LA,190,EVANGELINE
72,LA,200,FRANKLIN
72,LA,210,GRANT
72,LA,220,IBERIA
72,LA,230,IBERVILLE
72,LA,240,JACKSON
72,LA,250,JEFFERSON
72,LA,260,JEFFERSON DAVIS
72,LA,270,LAFAYETTE
72,LA,280,LAFOURCHE
72,LA,290,LA SALLE
72,LA,300,LINCOLN
72,LA,310,LIVINGSTON
72,LA,320,MADISON
72,LA,330,MOREHOUSE
72,LA,340,NATCHITOCHES
72,LA,350,ORLEANS
72,LA,360,OUACHITA
72,LA,370,PLAQUEMINES
72,LA,380,POINTE COUPEE
72,LA,390,RAPIDES
72,LA,400,RED RIVER
72,LA,410,RICHLAND
72,LA,420,SABINE
72,LA,430,ST BERNARD
72,LA,440,ST CHARLES
72,LA,450,ST HELENA
72,LA,460,ST JAMES
72,LA,470,ST JOHN THE BAPTIST
72,LA,480,ST LANDRY
72,LA,490,ST MARTIN
72,LA,500,ST MARY
72,LA,510,ST TAMMANY
72,LA,520,TANGIPAHOA
72,LA,530,TENSAS
72,LA,540,TERREBONNE
72,LA,550,UNION
72,LA,560,VERMILION
72,LA,570,VERNON
72,LA,580,WASHINGTON
72,LA,590,WEBSTER
72,LA,600,WEST BATON ROUGE
72,LA,610,WEST CARROLL
72,LA,620,WEST FELICIANA
72,LA,630,WINN
72,LA,990,STATEWIDE
73,OK,0,ADAIR
73,OK,10,ALFALFA
73,OK,20,ATOKA
73,OK,30,BEAVER
73,OK,40,BECKHAM
73,OK,50,BLAINE
73,OK,60,BRYAN
73,OK,70,CADDO
73,OK,80,CANADIAN
73,OK,90,CARTER
73,OK,100,CHEROKEE
73,OK,110,CHOCTAW
73,OK,120,CIMARRON
73,OK,130,CLEVELAND
73,OK,140,COAL
73,OK,150,COMANCHE
73,OK,160,COTTON
73,OK,170,CRAIG
73,OK,180,CREEK
73,OK,190,CUSTER
73,OK,200,DELAWARE
73,OK,210,DEWEY
73,OK,220,ELLIS
73,OK,230,GARFIELD
73,OK,240,GARVIN
73,OK,250,GRADY
73,OK,260,GRANT
73,OK,270,GREER
73,OK,280,HARMON
73,OK,290,HARPER
73,OK,300,HASKELL
73,OK,310,HUGHES
73,OK,320,JACKSON
73,OK,330,JEFFERSON
73,OK,340,JOHNSTON
73,OK,350,KAY
73,OK,360,KINGFISHER
73,OK,370,KIOWA
73,OK,380,LATIMER
73,OK,390,LE FLORE
73,OK,400,LINCOLN
73,OK,410,LOGAN
73,OK,420,LOVE
73,OK,430,MCCLAIN
73,OK,440,MCCURTAIN
73,OK,450,MCINTOSH
73,OK,460,MAJOR
73,OK,470,MARSHALL
73,OK,480,MAYES
73,OK,490,MURRAY
73,OK,500,MUSKOGEE
73,OK,510,NOBLE
73,OK,520,NOWATA
73,OK,530,OKFUSKEE
73,OK,540,OKLAHOMA
73,OK,550,OKMULGEE
73,OK,560,OSAGE
73,OK,570,OTTAWA
73,OK,580,PAWNEE
73,OK,590,PAYNE
73,OK,600,PITTSBURG
73,OK,610,PONTOTOC
73,OK,620,POTTAWATOMIE
73,OK,630,PUSHMATAHA
73,OK,640,ROGER MILLS
73,OK,650,ROGERS
73,OK,660,SEMINOLE
73,OK,670,SEQUOYAH
73,OK,680,STEPHENS
73,OK,690,TEXAS
73,OK,700,TILLMAN
73,OK,710,TULSA
73,OK,720,WAGONER
73,OK,730,WASHINGTON
73,OK,740,WASHITA
73,OK,750,WOODS
73,OK,760,WOODWARD
73,OK,990,STATEWIDE
74,TX,1,ANDERSON
74,TX,2,CHEROKEE
74,TX,11,ANDREWS
74,TX,12,DAWSON
74,TX,13,GAINES
74,TX,14,MARTIN
74,TX,20,ANGELINA
74,TX,31,ARANSAS
74,TX,32,BEE
74,TX,33,CALHOUN
74,TX,34,GOLIAD
74,TX,35,JACKSON
74,TX,36,REFUGIO
74,TX,37,VICTORIA
74,TX,41,ARCHER
74,TX,42,CLAY
74,TX,51,ARMSTRONG
74,TX,52,BRISCOE
74,TX,53,CARSON
74,TX,54,DONLEY
74,TX,55,GRAY
74,TX,56,HALL
74,TX,61,ATASCOSA
74,TX,62,FRIO
74,TX,63,MEDINA
74,TX,71,AUSTIN
74,TX,72,COLORADO
74,TX,73,WALLER
74,TX,74,WHARTON
74,TX,81,BAILEY
74,TX,82,COCHRAN
74,TX,83,HOCKLEY
74,TX,84,LAMB
74,TX,85,LYNN
74,TX,86,TERRY
74,TX,91,BANDERA
74,TX,92,KENDALL
74,TX,93,KERR
74,TX,101,BASTROP
74,TX,102,CALDWELL
74,TX,103,HAYS
74,TX,111,BAYLOR
74,TX,112,FOARD
74,TX,113,HARDEMAN
74,TX,114,KNOX
74,TX,115,WILBARGER
74,TX,121,BELL
74,TX,122,CORYELL
74,TX,130,BEXAR
74,TX,141,BLANCO
74,TX,142,BURNET
74,TX,143,GILLESPIE
74,TX,144,LAMPASAS
74,TX,145,LLANO
74,TX,146,MASON
74,TX,147,MILLS
74,TX,148,SAN SABA
74,TX,151,BORDEN
74,TX,152,HOWARD
74,TX,153,MITCHELL
74,TX,161,BOSQUE
74,TX,162,HILL
74,TX,170,BOWIE
74,TX,180,BRAZORIA
74,TX,191,BRAZOS
74,TX,192,BURLESON
74,TX,193,FAYETTE
74,TX,194,LEE
74,TX,195,MILAM
74,TX,196,ROBERTSON
74,TX,197,WASHINGTON
74,TX,201,BREWSTER
74,TX,202,CROCKETT
74,TX,203,JEFF DAVIS
74,TX,204,PECOS
74,TX,205,PRESIDIO
74,TX,206,REAGAN
74,TX,207,TERRELL
74,TX,208,UPTON
74,TX,211,BROOKS
74,TX,212,KENEDY
74,TX,213,WILLACY
74,TX,221,BROWN
74,TX,222,COLEMAN
74,TX,223,COMANCHE
74,TX,231,CALLAHAN
74,TX,232,JONES
74,TX,233,SHACKELFORD
74,TX,234,TAYLOR
74,TX,240,CAMERON
74,TX,251,CAMP
74,TX,252,FRANKLIN
74,TX,253,MORRIS
74,TX,254,RED RIVER
74,TX,255,TITUS
74,TX,260,CASS
74,TX,271,CASTRO
74,TX,272,DEAF SMITH
74,TX,273,OLDHAM
74,TX,274,PARMER
74,TX,275,SWISHER
74,TX,280,CHAMBERS
74,TX,291,CHILDRESS
74,TX,292,COLLINGSWORTH
74,TX,293,WHEELER
74,TX,301,COKE
74,TX,302,IRION
74,TX,303,STERLING
74,TX,311,COLLIN
74,TX,312,ROCKWALL
74,TX,321,COMAL
74,TX,322,GUADALUPE
74,TX,323,WILSON
74,TX,331,CONCHO
74,TX,332,MCCULLOCH
74,TX,333,RUNNELS
74,TX,341,COOKE
74,TX,342,GRAYSON
74,TX,351,COTTLE
74,TX,352,CROSBY
74,TX,353,DICKENS
74,TX,354,FLOYD
74,TX,355,GARZA
74,TX,356,HALE
74,TX,357,KING
74,TX,358,MOTLEY
74,TX,361,CRANE
74,TX,362,ECTOR
74,TX,363,LOVING
74,TX,364,REEVES
74,TX,365,WARD
74,TX,366,WINKLER
74,TX,371,CULBERSON
74,TX,372,HUDSPETH
74,TX,380,SHERMAN
74,TX,381,DALLAM
74,TX,382,HANSFORD
74,TX,383,HARTLEY
74,TX,384,HEMPHILL
74,TX,385,HUTCHINSON
74,TX,386,LIPSCOMB
74,TX,387,MOORE
74,TX,388,OCHILTREE
74,TX,389,ROBERTS
74,TX,390,DALLAS
74,TX,401,DELTA
74,TX,402,HOPKINS
74,TX,410,DENTON
74,TX,421,DEWITT
74,TX,422,GONZALES
74,TX,423,KARNES
74,TX,424,LAVACA
74,TX,431,DIMMIT
74,TX,432,LA SALLE
74,TX,433,MAVERICK
74,TX,434,ZAVALA
74,TX,441,DUVAL
74,TX,442,JIM WELLS
74,TX,443,KLEBERG
74,TX,451,EASTLAND
74,TX,452,STEPHENS
74,TX,461,EDWARDS
74,TX,462,KINNEY
74,TX,463,REAL
74,TX,464,UVALDE
74,TX,465,VAL VERDE
74,TX,470,ELLIS
74,TX,480,EL PASO
74,TX,491,ERATH
74,TX,492,HOOD
74,TX,493,SOMMERVELL
74,TX,501,FALLS
74,TX,502,LIMESTONE
74,TX,510,FANNIN
74,TX,521,FISHER
74,TX,522,NOLAN
74,TX,523,SCURRY
74,TX,530,FORT BEND
74,TX,541,FREESTONE
74,TX,542,LEON
74,TX,550,GALVESTON
74,TX,561,GLASSCOCK
74,TX,562,MIDLAND
74,TX,571,GREGG
74,TX,572,RUSK
74,TX,573,UPSHUR
74,TX,581,GRIMES
74,TX,582,LIBERTY
74,TX,583,MONTGOMERY
74,TX,590,HAMILTON
74,TX,600,HARDIN
74,TX,610,HARRIS
74,TX,621,HARRISON
74,TX,622,MARION
74,TX,623,PANOLA
74,TX,631,HASKELL
74,TX,632,KENT
74,TX,633,STONEWALL
74,TX,641,HENDERSON
74,TX,642,VAN ZANDT
74,TX,650,HIDALGO
74,TX,661,HOUSTON
74,TX,662,MADISON
74,TX,663,WALKER
74,TX,670,HUNT
74,TX,681,JACK
74,TX,682,PALO PINTO
74,TX,691,JASPER
74,TX,692,NEWTON
74,TX,700,JEFFERSON
74,TX,711,JIM HOGG
74,TX,712,ZAPATA
74,TX,721,JOHNSON
74,TX,722,PARKER
74,TX,723,WISE
74,TX,730,KAUFMAN
74,TX,741,KIMBLE
74,TX,742,MENARD
74,TX,743,SCHLEICHER
74,TX,744,SUTTON
74,TX,750,LAMAR
74,TX,761,LIVE OAK
74,TX,762,MCMULLEN
74,TX,770,LUBBOCK
74,TX,780,MCLENNAN
74,TX,790,MATAGORDA
74,TX,800,MONTAGUE
74,TX,811,NACOGDOCHES
74,TX,812,SABINE
74,TX,813,SAN AUGUSTINE
74,TX,814,SHELBY
74,TX,820,NAVARRO
74,TX,830,NUECES
74,TX,840,ORANGE
74,TX,851,POLK
74,TX,852,SAN JACINTO
74,TX,853,TRINITY
74,TX,854,TYLER
74,TX,861,POTTER
74,TX,862,RANDALL
74,TX,871,RAINS
74,TX,872,WOOD
74,TX,880,SAN PATRICIO
74,TX,890,SMITH
74,TX,900,STARR
74,TX,910,TARRANT
74,TX,921,THROCKMORTON
74,TX,922,YOUNG
74,TX,930,TOM GREEN
74,TX,940,TRAVIS
74,TX,950,WEBB
74,TX,960,WICHITA
74,TX,970,WILLIAMSON
74,TX,980,YOAKUM
74,TX,990,STATEWIDE
81,MT,0,BEAVERHEAD
81,MT,10,BIG HORN
81,MT,20,BLAINE
81,MT,30,BROADWATER
81,MT,40,CARBON
81,MT,50,CARTER
81,MT,60,CASCADE
81,MT,70,CHOUTEAU
81,MT,80,CUSTER
81,MT,90,DANIELS
81,MT,100,DAWSON
81,MT,110,DEER LODGE
81,MT,120,FALLON
81,MT,130,FERGUS
81,MT,140,FLATHEAD
81,MT,150,GALLATIN
81,MT,160,GARFIELD
81,MT,170,GLACIER
81,MT,180,GOLDEN VALLEY
81,MT,190,GRANITE
81,MT,200,HILL
81,MT,210,JEFFERSON
81,MT,220,JUDITH BASIN
81,MT,230,LAKE
81,MT,240,LEWIS AND CLARK
81,MT,250,LIBERTY
81,MT,260,LINCOLN
81,MT,270,MCCONE
81,MT,280,MADISON
81,MT,290,MEAGHER
81,MT,300,MINERAL
81,MT,310,MISSOULA
81,MT,320,MUSSELSHELL
81,MT,330,PARK
81,MT,340,PETROLEUM
81,MT,350,PHILLIPS
81,MT,360,PONDERA
81,MT,370,POWDER RIVER
81,MT,380,POWELL
81,MT,390,PRAIRIE
81,MT,400,RAVALLI
81,MT,410,RICHLAND
81,MT,420,ROOSEVELT
81,MT,430,ROSEBUD
81,MT,440,SANDERS
81,MT,450,SHERIDAN
81,MT,460,SILVER BOW
81,MT,470,STILLWATER
81,MT,480,SWEET GRASS
81,MT,490,TETON
81,MT,500,TOOLE
81,MT,510,TREASURE
81,MT,520,VALLEY
81,MT,530,WHEATLAND
81,MT,540,WIBAUX
81,MT,550,YELLOWSTONE
81,MT,990,STATEWIDE
82,ID,0,ADA
82,ID,10,ADAMS
82,ID,20,BANNOCK
82,ID,30,BEAR LAKE
82,ID,40,BENEWAH
82,ID,50,BINGHAM
82,ID,60,BLAINE
82,ID,70,BOISE
82,ID,80,BONNER
82,ID,90,BONNEVILLE
82,ID,100,BOUNDARY
82,ID,110,BUTTE
82,ID,120,CAMAS
82,ID,130,CANYON
82,ID,140,CARIBOU
82,ID,150,CASSIA
82,ID,160,CLARK
82,ID,170,CLEARWATER
82,ID,180,CUSTER
82,ID,190,ELMORE
82,ID,200,FRANKLIN
82,ID,210,FREMONT
82,ID,220,GEM
82,ID,230,GOODING
82,ID,240,IDAHO
82,ID,250,JEFFERSON
82,ID,260,JEROME
82,ID,270,KOOTENAI
82,ID,280,LATAH
82,ID,290,LEMHI
82,ID,300,LEWIS
82,ID,310,LINCOLN
82,ID,320,MADISON
82,ID,330,MINIDOKA
82,ID,340,NEZ PERCE
82,ID,350,ONEIDA
82,ID,360,OWYHEE
82,ID,370,PAYETTE
82,ID,380,POWER
82,ID,390,SHOSHONE
82,ID,400,TETON
82,ID,410,TWIN FALLS
82,ID,420,VALLEY
82,ID,430,WASHINGTON
82,ID,990,STATEWIDE
83,WY,0,ALBANY
83,WY,10,BIG HORN
83,WY,20,CAMPBELL
83,WY,30,CARBON
83,WY,40,CONVERSE
83,WY,50,CROOK
83,WY,60,FREMONT
83,WY,70,GOSHEN
83,WY,80,HOT SPRINGS
83,WY,90,JOHNSON
83,WY,100,LARAMIE
83,WY,110,LINCOLN
83,WY,120,NATRONA
83,WY,130,NIOBRARA
83,WY,140,PARK
83,WY,150,PLATTE
83,WY,160,SHERIDAN
83,WY,170,SUBLETTE
83,WY,180,SWEETWATER
83,WY,190,TETON
83,WY,200,UINTA
83,WY,210,WASHAKIE
83,WY,220,WESTON
83,WY,990,STATEWIDE
84,CO,0,ADAMS
84,CO,10,ALAMOSA
84,CO,20,ARAPAHOE
84,CO,30,ARCHULETA
84,CO,40,BACA
84,CO,50,BENT
84,CO,60,BOULDER
84,CO,70,CHAFFEE
84,CO,80,CHEYENNE
84,CO,90,CLEAR CREEK
84,CO,100,CONEJOS
84,CO,110,COSTILLA
84,CO,120,CROWLEY
84,CO,130,CUSTER
84,CO,140,DELTA
84,CO,150,DENVER
84,CO,160,DOLORES
84,CO,170,DOUGLAS
84,CO,180,EAGLE
84,CO,190,ELBERT
84,CO,200,EL PASO
84,CO,210,FREMONT
84,CO,220,GARFIELD
84,CO,230,GILPIN
84,CO,240,GRAND
84,CO,250,GUNNISON
84,CO,260,HINSDALE
84,CO,270,HUERFANO
84,CO,280,JACKSON
84,CO,290,JEFFERSON
84,CO,300,KIOWA
84,CO,310,KIT CARSON
84,CO,320,LAKE
84,CO,330,LA PLATA
84,CO,340,LARIMER
84,CO,350,LAS ANIMAS
84,CO,360,LINCOLN
84,CO,370,LOGAN
84,CO,380,MESA
84,CO,390,MINERAL
84,CO,400,MOFFAT
84,CO,410,MONTEZUMA
84,CO,420,MONTROSE
84,CO,430,MORGAN
84,CO,440,OTERO
84,CO,450,OURAY
84,CO,460,PARK
84,CO,470,PHILLIPS
84,CO,480,PITKIN
84,CO,490,PROWERS
84,CO,500,PUEBLO
84,CO,510,RIO BLANCO
84,CO,520,RIO GRANDE
84,CO,530,ROUTT
84,CO,540,SAGUACHE
84,CO,550,SAN JUAN
84,CO,560,SAN MIGUEL
84,CO,570,SEDGWICK
84,CO,580,SUMMIT
84,CO,590,TELLER
84,CO,600,WASHINGTON
84,CO,610,WELD
84,CO,620,YUMA
84,CO,990,STATEWIDE
85,NM,0,BERNALILLO
85,NM,10,CATRON
85,NM,20,CHAVES
85,NM,30,COLFAX
85,NM,40,CURRY
85,NM,50,DE BACA
85,NM,60,DONA ANA
85,NM,70,EDDY
85,NM,80,GRANT
85,NM,90,GUADALUPE
85,NM,100,HARDING
85,NM,110,HIDALGO
85,NM,120,LEA
85,NM,130,LINCOLN
85,NM,140,LUNA
85,NM,150,MCKINLEY
85,NM,160,MORA
85,NM,170,OTERO
85,NM,180,QUAY
85,NM,190,RIO ARRIBA
85,NM,200,ROOSEVELT
85,NM,210,SANDOVAL
85,NM,220,SAN JUAN
85,NM,230,SAN MIGUEL
85,NM,240,SANTA FE
85,NM,250,SIERRA
85,NM,260,SOCORRO
85,NM,270,TAOS
85,NM,280,TORRANCE
85,NM,290,UNION
85,NM,300,VALENCIA
85,NM,310,LOS ALAMOS
85,NM,990,STATEWIDE
86,AZ,0,APACHE
86,AZ,10,COCHISE
86,AZ,20,COCONINO
86,AZ,30,GILA
86,AZ,40,GRAHAM
86,AZ,50,GREENLEE
86,AZ,60,MARICOPA
86,AZ,70,MOHAVE
86,AZ,80,NAVAJO
86,AZ,90,PIMA
86,AZ,100,PINAL
86,AZ,110,SANTA CRUZ
86,AZ,120,YAVAPAI
86,AZ,130,YUMA
86,AZ,990,STATEWIDE
87,UT,0,BEAVER
87,UT,10,BOX ELDER
87,UT,20,CACHE
87,UT,30,CARBON
87,UT,40,DAGGETT
87,UT,50,DAVIS
87,UT,60,DUCHESNE
87,UT,70,EMERY
87,UT,80,GARFIELD
87,UT,90,GRAND
87,UT,100,IRON
87,UT,110,JUAB
87,UT,120,KANE
87,UT,130,MILLARD
87,UT,140,MORGAN
87,UT,150,PIUTE
87,UT,160,RICH
87,UT,170,SALT LAKE
87,UT,180,SAN JUAN
87,UT,190,SANPETE
87,UT,200,SEVIER
87,UT,210,SUMMIT
87,UT,220,TOOELE
87,UT,230,UINTAH
87,UT,240,UTAH
87,UT,250,WASATCH
87,UT,260,WASHINGTON
87,UT,270,WAYNE
87,UT,280,WEBER
87,UT,990,STATEWIDE
88,NV,0,CHURCHILL
88,NV,10,CLARK
88,NV,20,DOUGLAS
88,NV,30,ELKO
88,NV,40,ESMERALDA
88,NV,50,EUREKA
88,NV,60,HUMBOLDT
88,NV,70,LANDER
88,NV,80,LINCOLN
88,NV,90,LYON
88,NV,100,MINERAL
88,NV,110,NYE
88,NV,120,ORMSBY
88,NV,130,PERSHING
88,NV,140,STOREY
88,NV,150,WASHOE
88,NV,160,WHITE PINE
88,NV,990,STATEWIDE
91,WA,0,ADAMS
91,WA,10,ASOTIN
91,WA,20,BENTON
91,WA,30,CHELAN
91,WA,40,CLALLAM
91,WA,50,CLARK
91,WA,60,COLUMBIA
91,WA,70,COWLITZ
91,WA,80,DOUGLAS
91,WA,90,FERRY
91,WA,100,FRANKLIN
91,WA,110,GARFIELD
91,WA,120,GRANT
91,WA,130,GRAYS HARBOR
91,WA,140,ISLAND
91,WA,150,JEFFERSON
91,WA,160,KING
91,WA,170,KITSAP
91,WA,180,KITTITAS
91,WA,190,KLICKITAT
91,WA,200,LEWIS
91,WA,210,LINCOLN
91,WA,220,MASON
91,WA,230,OKANOGAN
91,WA,240,PACIFIC
91,WA,250,PEND OREILLE
91,WA,260,PIERCE
91,WA,270,SAN JUAN
91,WA,280,SKAGIT
91,WA,290,SKAMANIA
91,WA,300,SNOHOMISH
91,WA,310,SPOKANE
91,WA,320,STEVENS
91,WA,330,THURSTON
91,WA,340,WAHKIAKUM
91,WA,350,WALLA WALLA
91,WA,360,WHATCOM
91,WA,370,WHITMAN
91,WA,380,YAKIMA
91,WA,990,STATEWIDE
92,OR,0,BAKER
92,OR,10,BENTON
92,OR,20,CLACKAMAS
92,OR,30,CLATSOP
92,OR,40,COLUMBIA
92,OR,50,COOS
92,OR,60,CROOK
92,OR,70,CURRY
92,OR,80,DESCHUTES
92,OR,90,DOUGLAS
92,OR,100,GILLIAM
92,OR,110,GRANT
92,OR,120,HARNEY
92,OR,130,HOOD RIVER
92,OR,140,JACKSON
92,OR,150,JEFFERSON
92,OR,160,JOSEPHINE
92,OR,170,KLAMATH
92,OR,180,LAKE
92,OR,190,LANE
92,OR,200,LINCOLN
92,OR,210,LINN
92,OR,220,MALHEUR
92,OR,230,MARION
92,OR,240,MORROW
92,OR,250,MULTNOMAH
92,OR,260,POLK
92,OR,270,SHERMAN
92,OR,280,TILLAMOOK
92,OR,290,UMATILLA
92,OR,300,UNION
92,OR,310,WALLOWA
92,OR,320,WASCO
92,OR,330,WASHINGTON
92,OR,340,WHEELER
92,OR,350,YAMHILL
92,OR,990,STATEWIDE
93,CA,0,ALAMEDA
93,CA,10,ALPINE
93,CA,20,AMADOR
93,CA,30,BUTTE
93,CA,40,CALAVERAS
93,CA,50,COLUSA
93,CA,60,CONTRA COSTA
93,CA,70,DEL NORTE
93,CA,80,EL DORADO
93,CA,90,FRESNO
93,CA,100,GLENN
93,CA,110,HUMBOLDT
93,CA,120,IMPERIAL
93,CA,130,INYO
93,CA,140,KERN
93,CA,150,KINGS
93,CA,160,LAKE
93,CA,170,LASSEN
93,CA,200,LOS ANGELES
93,CA,300,MADERA
93,CA,310,MARIN
93,CA,320,MARIPOSA
93,CA,330,MENDOCINO
93,CA,340,MERCED
93,CA,350,MODOC
93,CA,360,MONO
93,CA,370,MONTEREY
93,CA,380,NAPA
93,CA,390,NEVADA
93,CA,400,ORANGE
93,CA,410,PLACER
93,CA,420,PLUMAS
93,CA,430,RIVERSIDE
93,CA,440,SACRAMENTO
93,CA,450,SAN BENITO
93,CA,460,SAN BERNARDINO
93,CA,470,SAN DIEGO
93,CA,480,SAN FRANCISCO
93,CA,490,SAN JOAQUIN
93,CA,500,SAN LUIS OBISPO
93,CA,510,SAN MATEO
93,CA,520,SANTA BARBARA
93,CA,530,SANTA CLARA
93,CA,540,SANTA CRUZ
93,CA,550,SHASTA
93,CA,560,SIERRA
93,CA,570,SISKIYOU
93,CA,580,SOLANO
93,CA,590,SONOMA
93,CA,600,STANISLAUS
93,CA,610,SUTTER
93,CA,620,TEHAMA
93,CA,630,TRINITY
93,CA,640,TULARE
93,CA,650,TUOLUMNE
93,CA,660,VENTURA
93,CA,670,YOLO
93,CA,680,YUBA
93,CA,990,STATEWIDE
