gvkey,state,datadate,fyearq,fqtr,indfmt,consol,popsrc,datafmt,tic,cusip,companyname,curcdq,datacqtr,datafqtr,atq,ltq,ncoq,recdq,rectq,rectrq,revtq,wcapq,xintq,cik,costat,county,sic,rec_to_assets,rec_to_rev,ultdunsno,dunsno,companyname_db,ultsls,state_db,sic_db,stateslspctak,stateslspctal,stateslspctar,stateslspctaz,stateslspctca,stateslspctco,stateslspctct,stateslspctdc,stateslspctde,stateslspctfl,stateslspctga,stateslspcthi,stateslspctia,stateslspctid,stateslspctil,stateslspctin,stateslspctks,stateslspctky,stateslspctla,stateslspctma,stateslspctmd,stateslspctme,stateslspctmi,stateslspctmn,stateslspctmo,stateslspctms,stateslspctmt,stateslspctnc,stateslspctnd,stateslspctne,stateslspctnh,stateslspctnj,stateslspctnm,stateslspctnv,stateslspctny,stateslspctoh,stateslspctok,stateslspctor,stateslspctpa,stateslspctri,stateslspctsc,stateslspctsd,stateslspcttn,stateslspcttx,stateslspctut,stateslspctva,stateslspctvt,stateslspctwa,stateslspctwi,stateslspctwv,stateslspctwy,_merge
1004,IL,19780831,1978,1,INDL,C,D,STD,AIR,000361105,AAR CORP,USD,1978Q3,1978Q1,59.338001,40.119999,,,13.726,,28.669001,26.073,.64200002,1750,A,,5080,.23131889,.47877499,005425814,5425814,AAR CORP,137560000,IL,3811,,,,,0,.0098865945,,,,0,,,,,.58519918,,,,,,,,,,,,,,,,,0,,,.066152953,,0,.31695262,,,,,,.021808665,,,,0,,,,Matched (3)
1043,IL,19771031,1978,1,INDL,C,D,STD,MTI.3,625440102,MULTIGRAPHICS INC,USD,1977Q3,1978Q1,463.77499,264.10901,,,103.686,,148.998,171.03799,2.71,2310,I,,5040,.22356962,.69588852,001306919,1693191,ADDRESSOGRAPH-MULTIGRAPH CORP,596737024,CA,5081,0,0,0,0,.99876493,0,0,,0,0,0,0,0,,0,0,0,0,0,0,0,0,0,0,0,0,0,0,0,0,0,0,,0,0,.0012350499,0,0,0,0,0,,0,0,,0,,0,0,0,,Matched (3)
1059,TX,19771031,1978,1,INDL,C,D,STD,APS.1,002030104,A P S INC,USD,1977Q3,1978Q1,174.342,65.015999,,,45.166,,81.480003,92.371002,.64600003,,I,Harris,5010,.25906551,.5543201,,,,,,,,,,,,,,,,,,,,,,,,,,,,,,,,,,,,,,,,,,,,,,,,,,,,,,,,,,Master only (1)
1108,NY,19770930,1978,1,INDL,C,D,STD,PRHD,741885107,PRINCETON HOLDINGS INC,USD,1977Q3,1978Q1,46.848,29.716999,,,7.763,,13.861,25.719,.37599999,,I,,5020,.16570611,.56006062,,,,,,,,,,,,,,,,,,,,,,,,,,,,,,,,,,,,,,,,,,,,,,,,,,,,,,,,,,Master only (1)
1118,RI,19780331,1978,1,INDL,C,D,STD,ADG.1,006203103,ADAMS DRUG INC,USD,1978Q1,1978Q1,51.174,26.85,,,1.381,,34.785999,31.295,.41299999,,I,Providence,5912,.026986361,.039699879,007918253,80822471,ADAMS DRUG CO INC #784,147675008,RI,5912,,0,,,,,0,,,,,,,,,,,,,.011748772,,,,,,,,,,,,0,,,.006365329,,,,0,.98188585,,,,,,,,,,,,Matched (3)
1121,TX,19780630,1978,1,INDL,C,D,STD,AE,006351308,ADAMS RESOURCES & ENERGY INC,USD,1978Q2,1978Q1,55.285,34.662998,,,7.6950002,,19.233999,1.99,.41499999,2178,A,,5172,.13918784,.40007278,067273649,20805487,ADA RESOURCES INC,102040000,TX,5171,,,,,,,,,,,,,,,.00039200313,,,0,,,,,,,,,,,,,,,,,,,,,,,,,,.99960798,,,,,,,,Matched (3)
1153,NY,19780331,1978,1,INDL,C,D,STD,AER.2,007680101,AERO-FLOW DYNAMICS INC,USD,1978Q1,1978Q1,26.431,13.699,,,12.454,,14.22,13.552,.075999998,,I,New York,5084,.47118914,.87580872,,,,,,,,,,,,,,,,,,,,,,,,,,,,,,,,,,,,,,,,,,,,,,,,,,,,,,,,,,Master only (1)
1240,ID,19780430,1978,1,INDL,C,D,STD,ABS.1,013104104,ALBERTSON'S INC,USD,1978Q1,1978Q1,430.24799,305.59399,,,17.209,,471.96899,51.263,,3333,I,,5411,.039997861,.036462139,006927180,33989302,ALBERTSONS INC,1810000000,ID,5411,,0,,,0,0,,,,0,,,,1,,,,,0,,,,,,,,0,,,,,,0,0,,,,0,,,,,,0,0,,,0,,,0,Matched (3)
1246,PA,19771231,1978,1,INDL,C,D,STD,IKN,451713101,IKON OFFICE SOLUTIONS,USD,1977Q4,1978Q1,525.53802,281.461,,,159.735,,341.46799,198.81,2.0190001,3370,I,,5040,.30394566,.46778908,,,,,,,,,,,,,,,,,,,,,,,,,,,,,,,,,,,,,,,,,,,,,,,,,,,,,,,,,,Master only (1)
1301,OH,19780430,1978,1,INDL,C,D,STD,9174A,019519008,ALLIED STORES,USD,1978Q1,1978Q1,1332.63,746.07599,,,410.30899,,430.87701,486.77899,7.4419999,,I,,5311,.30789417,.95226479,,,,,,,,,,,,,,,,,,,,,,,,,,,,,,,,,,,,,,,,,,,,,,,,,,,,,,,,,,Master only (1)
1302,MI,19770930,1978,1,INDL,C,D,STD,ASU.1,019537109,ALLIED SUPERMARKETS,USD,1977Q3,1978Q1,133.534,120.057,,,7.6149998,,240.524,6.8410001,1.148,,I,,5411,.057026673,.031660043,,,,,,,,,,,,,,,,,,,,,,,,,,,,,,,,,,,,,,,,,,,,,,,,,,,,,,,,,,Master only (1)
1322,MA,19780331,1978,1,INDL,C,D,STD,ALY.1,020425104,ALMY STORES INC,USD,1978Q1,1978Q1,37.259998,16.989,,,4.98,,10.791,14.515,.176,42675,I,Suffolk,5311,.1336554,.4614957,044806099,19617190,ALMY STORES INC,72400000,MA,5311,,,,,,,0,,,,,,,,,,,,,1,,0,,,,,,,,,0,,,,0,,,,,,,,,,,,0,,,,,Matched (3)
1345,GA,19780731,1978,1,INDL,C,D,STD,3ALRM,021447107,ALTERMAN INVESTMENT FUND,USD,1978Q2,1978Q1,68.778999,36,,,3.2049999,,101.235,16.547001,.156,315127,I,,5411,.046598524,.031659011,79370110,79370110,ALTERMAN INVESTMENT CORP,0,GA,6514,,,,,,,,,,,,,,,,,,,,,,,,,,,,,,,,,,,,,,,,,,,,,,,,,,,,Matched (3)
1572,UT,19780630,1978,1,INDL,C,D,STD,ASE.2,030095103,AMERICAN STORES CO  -OLD,USD,1978Q2,1978Q1,663.16699,386.862,,,21.945,,1008.72,169.35899,,,I,Salt Lake,5411,.033091214,.021755293,,,,,,,,,,,,,,,,,,,,,,,,,,,,,,,,,,,,,,,,,,,,,,,,,,,,,,,,,,Master only (1)
1573,UT,19780331,1978,1,INDL,C,D,STD,ASC.1,030096101,AMERICAN STORES CO,USD,1978Q1,1978Q1,265.98599,145.089,,,2.842,,230.95799,73.674004,1.442,90811,I,,5411,.010684773,.012305268,,,,,,,,,,,,,,,,,,,,,,,,,,,,,,,,,,,,,,,,,,,,,,,,,,,,,,,,,,Master only (1)
1594,CT,19780430,1978,1,INDL,C,D,STD,AMESQ,030789507,AMES DEPT STORES INC,USD,1978Q1,1978Q1,83.619003,54.348,,,5.7950001,,37.867001,31.646,.71799999,6071,I,,5331,.069302432,.15303563,005866041,5866041,AMES DEPARTMENT STORES INC,234450000,CT,5311,,,,,,,.72510129,,.010663254,,,,,,,,,,,.1172958,.039027512,.0085306037,,,,,,,,,0,.0085306037,,,.026871402,.051183622,,,.012795906,,,,,,,,0,,,,,Matched (3)
1599,CA,19780331,1978,1,INDL,C,D,STD,AMA.1,031141104,AMFAC INC,USD,1978Q1,1978Q1,924.40002,593.25897,,,191.13699,,315.46301,262.082,7.7189999,6097,I,,5122,.20676872,.60589355,78774874,78774874,AMFAC MERCHANDISING CORP,0,CA,5311,,,,,,,,,,,,,,,,,,,,,,,,,,,,,,,,,,,,,,,,,,,,,,,,,,,,Matched (3)
1665,IL,19771031,1978,1,INDL,C,D,STD,ANX.1,035285105,ANIXTER BROS INC,USD,1977Q3,1978Q1,95.323997,57.000999,,,27.079,,47.653999,47.502998,.50099999,,I,,5063,.28407326,.56824189,047583851,59444513,ANIXTER BROS INC,211250000,IL,3613,0,,,0,.0094674556,0,,,,0,0,,,,.97159761,0,,0,.018934911,,,,,,0,,,0,,,,0,,,0,0,0,,0,,,,,0,0,,,0,0,,0,Matched (3)
1773,CO,19780331,1978,1,INDL,C,D,STD,ARW,042735100,ARROW ELECTRONICS INC,USD,1978Q1,1978Q1,62.819,40.157001,,,20.141001,,33.842999,30.285,.491,7536,A,,5065,.32061955,.59513044,049159957,18775528,ARROW ELECTRONICS INC,145000000,CT,5065,,,,,0,,.82758623,,,0,0,,,,0,,,,.12413793,0,0,,,0,0,,,0,,,0,.048275862,,,0,0,,,,,,,,0,,,0,,0,,,Matched (3)
1803,NY,19780430,1978,1,INDL,C,D,STD,DG.2,045573102,ASSOCIATED DRY GOODS CORP,USD,1978Q1,1978Q1,844.31403,372.995,,,136.78101,,328.64001,194.811,4.0139999,7822,I,New York,5311,.16200252,.41620314,006980361,1836949,ASSOCIATED DRY GOODS CORP,1460000000,NY,5311,,,,0,0,0,0,0,,0,0,,,,0,0,0,0,,0,0,,0,0,0,,0,,,,,0,0,,1,0,,,0,,,,,0,,0,,,,0,,Matched (3)
1819,OH,19780630,1978,1,INDL,C,D,STD,NWXJ,65056Q108,ASTREX INC,USD,1978Q2,1978Q1,19.813999,12.943,,,2.971,,8.7159996,8.9659996,.15899999,8038,I,,5065,.14994448,.34086737,001943588,1943588,ASTREX INC,48270000,NY,5065,,,,,,,0,,0,.28796354,,,,,,,,,,.041433603,0,,,,,,,,,,,0,,,.64636421,,,,0,,,,,,,,,,.024238657,,,Matched (3)
1825,NJ,19780331,1978,1,INDL,C,D,STD,ALT.2,046495107,ATALANTA CORP,USD,1978Q1,1978Q1,48.403999,35.299999,,,23.118,,33.304001,8.316,.34099999,8080,I,,5140,.47760516,.69415087,006980445,6980445,ATALANTA CORPORATION,204000000,NY,5142,,,,.004901961,0,,,,,0,0,,,,,0,,,,,,,,,,,,,,,,,,,.99509805,,,,,,,,,,,,,,,,,Matched (3)
1919,AZ,19770930,1978,1,INDL,C,D,STD,AVT,053807103,AVNET INC,USD,1977Q3,1978Q1,377.83899,137.625,,,131.194,,186.32401,211.505,.903,8858,A,,5065,.34722197,.70411754,006995419,77501500,AVNET INC,872249984,NY,3679,,0,,0,0,.0060189166,0,,,0,0,,,,0,,0,0,,0,0,0,0,0,0,,,0,,,0,0,0,,.99398112,0,,,0,0,0,,0,0,0,,,,0,0,,Matched (3)
1935,CA,19770930,1978,1,INDL,C,D,STD,BDII,055368104,BDI INVESTMENTS CORP,USD,1977Q3,1978Q1,27.819,11.493,,,8.6379995,,11.956,13.808,.028999999,14343,I,,5190,.31050721,.72248244,,,,,,,,,,,,,,,,,,,,,,,,,,,,,,,,,,,,,,,,,,,,,,,,,,,,,,,,,,Master only (1)
2064,NY,19780131,1978,1,INDL,C,D,STD,BTH.,069203107,BARTH SPENCER CORP,USD,1977Q4,1978Q1,6.901,1.522,,,1.238,,5.8410001,4.105,0,,I,Nassau,5961,.17939429,.21195,006995237,6995237,BARTH-SPENCER CORPORATION,21300000,NY,5122,,,,,,,,,,,,,,,,,,,,,,,,,,,,,,,,,,,1,,,,,,,,,,,,,,,,,Matched (3)
2090,AZ,19780331,1978,1,INDL,C,D,STD,BAYM,072797103,BAYLESS (A.J.) MARKETS INC,USD,1978Q1,1978Q1,49.529999,27.02,,,1.133,,58.439999,10.021,.322,,I,,5411,.022875026,.019387405,008966392,35958644,BAYLESS A J MARKETS INC,219000000,AZ,5411,,,,1,,,,,,,,,,,,,,,,,,,,,,,,,,,,,,,,,,,,,,,,,,,,,,,,Matched (3)
2101,OH,19770930,1978,1,INDL,C,D,STD,AIT,03820C105,APPLIED INDUSTRIAL TECH INC,USD,1977Q3,1978Q1,105.221,31.167,,,26.559,,57.237999,61.863998,.119,109563,A,,5080,.2524116,.46400991,007900129,60916277,BEARINGS INC,218000000,OH,5085,,0,0,,,,,,0,0,0,,,0,0,0,,0,0,,0,,,,0,0,0,0,,,,0,,,0,1,,0,0,,0,,0,,,0,,0,,0,,Matched (3)
2151,NJ,19780430,1978,1,INDL,C,D,STD,BRI.1,080797103,BELSCOT RETAILERS INC,USD,1978Q1,1978Q1,19.511999,10.691,,,2.4030001,,10.776,6.2360001,.141,11170,I,Hudson,5651,.12315498,.22299555,011914413,70161724,BELSCOT RETAILERS INC,90100000,IL,5311,,,,,,,0,,,,,,,,.60044396,0,,,,,,,0,,,,,,,,,.38845727,,,.011098779,,0,0,,,,,,0,,,,,0,0,,Matched (3)
2169,CA,19771130,1978,1,INDL,C,D,STD,BBC.1,083739102,BERGEN BRUNSWIG CORP  -CL A,USD,1977Q4,1978Q1,105.938,67.265999,,,40.403999,,108.348,43.332001,.53500003,11454,I,,5122,.3813929,.37290952,048341226,78770245,BERGEN BRUNSWIG DATA SV CO*,904200000,CA,7374,,,0,0,.99402785,0,0,,,0,,,,0,,0,,,,,.0019907099,,0,,,,,0,,,,.0039814198,,0,0,,,0,0,,,,,0,0,,,0,,,,Matched (3)
2173,CT,19780331,1978,1,INDL,C,D,STD,BKY,084419100,BERKEY INC,USD,1978Q1,1978Q1,103.266,85.960999,,,24.895,,41.651001,14.884,1.238,11534,I,Fairfield,5040,.24107644,.59770471,001318534,60803954,PRENTICE HALL DEV LRNG CNTR*,234720000,NJ,3579,,,,,0,,0,,0,0,0,,,,0,,,,,0,.0073278802,,,,,,,,,,,.99267215,,,0,,,,,,,,,,0,0,,,,,,Matched (3)
2198,MA,19780331,1978,1,INDL,C,D,STD,BIK.,088740105,BICKFORD CORP,USD,1978Q1,1978Q1,15.986,7.4780002,,,2.5050001,,5.0209999,5.3899999,.13,57933,I,,5812,.15669961,.49890459,001031533,1031533,BICKFORD CORPORATION,29800000,MA,5812,,,,,,,,,,,,,,,,,,,,.63087249,0,,0,,,,,0,,,,,,,,,,,0,.36912751,,,,,,,,,,,,Matched (3)
2208,NY,19780331,1978,1,INDL,C,D,STD,BIV.,08999X103,BIG V SUPERMARKETS-OLD,USD,1978Q1,1978Q1,35.662998,21.438,,,.602,,64.157997,5.3449998,.215,,I,Orange,5411,.01688024,.0093830852,71563365,71563365,BIG V SUPERMARKETS INC,750000,NC,5411,,,,,,,,,,,,,,,,,,,,,,,,,,,,1,,,,,,,,,,,,,,,,,,,,,,,,Matched (3)
2290,IL,19780331,1978,1,INDL,C,D,STD,OMX,67622P101,OFFICEMAX INC,USD,1978Q1,1978Q1,1831.776,851.01001,,,253.248,,586.31,295.26099,9.6499996,12978,I,,5110,.13825271,.43193531,,,,,,,,,,,,,,,,,,,,,,,,,,,,,,,,,,,,,,,,,,,,,,,,,,,,,,,,,,Master only (1)
2323,MI,19780430,1978,1,INDL,C,D,STD,6036B,099855108,BORMAN'S INC,USD,1978Q1,1978Q1,116.856,88.783997,,,13.25,,223.62601,8.7550001,.81400001,13290,I,,5411,.11338741,.059250712,,,,,,,,,,,,,,,,,,,,,,,,,,,,,,,,,,,,,,,,,,,,,,,,,,,,,,,,,,Master only (1)
2436,MO,19780131,1978,1,INDL,C,D,STD,CAL,129500104,CALERES INC,USD,1977Q4,1978Q1,394.33301,164.86,,,86.938004,,232.216,218.69701,1.803,14707,A,,5661,.22046849,.37438419,,,,,,,,,,,,,,,,,,,,,,,,,,,,,,,,,,,,,,,,,,,,,,,,,,,,,,,,,,Master only (1)
2479,TX,19771231,1978,1,INDL,C,D,STD,BGS.3,121232102,BURGESS INDS,USD,1977Q4,1978Q1,22.086,11.519,,,6.6440001,,9.2519999,12.192,.090999998,,I,Dallas,5084,.30082405,.71811503,007322266,30164347,BURGESS INDUSTRIES INC,38900000,TX,3599,,,0,,,,,,,,,,,,,,,,0,,,,,,,0,,,,,,,,,,,,,,,,,,1,,,,,,,,Matched (3)
2542,IL,19771231,1978,1,INDL,C,D,STD,CFSC.,125256107,CFS CONTINENTAL INC,USD,1977Q4,1978Q1,189.05701,116.564,,,61.276001,,194.521,66.549004,2.0580001,19028,I,,5140,.32411391,.31500968,,,,,,,,,,,,,,,,,,,,,,,,,,,,,,,,,,,,,,,,,,,,,,,,,,,,,,,,,,Master only (1)
2611,CT,19780430,1978,1,INDL,C,D,STD,CA.4,128793106,CALDOR INC,USD,1978Q1,1978Q1,188.534,133.13499,,,6.336,,87.393997,49.811001,1.647,16226,I,Fairfield,5331,.033606671,.072499253,006819270,64827983,CALDOR INC,428000000,CT,5311,,,,,,,.92056078,,,,,,,,,,,,,0,,,,,,,,,,,,.046728972,,,.03271028,,,,,,,,,,,,,,,,,Matched (3)
2791,NY,19780831,1978,1,INDL,C,D,STD,TAST1,145744009,CARROLS CORP,USD,1978Q3,1978Q1,43.025002,38.52,,,.50700003,,18.524,-5.625,.69800001,17927,I,,5812,.011783847,.027369898,048552129,91965673,CARROLS DEVELOPMENT CORP,54100000,NY,7832,,,,,,,,,,,,,,,,,,,,,,0,0,,,,,,,,,,,,1,,,,0,,,,,,,,,,,,,Matched (3)
2792,IL,19780430,1978,1,INDL,C,D,STD,CRN.1,146016100,CARSON PIRIE SCOTT,USD,1978Q1,1978Q1,221.83501,133.24001,,,59.818001,,86.968002,55.877998,1.541,823878,I,Cook,5311,.26965088,.6878162,,,,,,,,,,,,,,,,,,,,,,,,,,,,,,,,,,,,,,,,,,,,,,,,,,,,,,,,,,Master only (1)
2796,OH,19780430,1978,1,INDL,C,D,STD,BWY.1,111572103,BROADWAY STORES INC,USD,1978Q1,1978Q1,1155.949,670.50403,,,153.186,,375.47299,326.67999,9.9510002,750217,I,,5311,.13251969,.4079814,,,,,,,,,,,,,,,,,,,,,,,,,,,,,,,,,,,,,,,,,,,,,,,,,,,,,,,,,,Master only (1)
2811,IL,19780331,1978,1,INDL,C,D,STD,CTAM,148411408,CASTLE (A M) & CO,USD,1978Q1,1978Q1,86.091003,51.07,,,28.43,,58.944,34.528,.56999999,18172,A,,5051,.33023196,.48232222,006934004,42076216,CASTLE A M & CO*,201000000,IL,5051,,,,0,0,,,,,,,,0,0,1,,0,,,,0,,,,0,,,,,,,,,,,0,0,,0,,,,,,0,,,,0,,,Matched (3)
2904,MA,19780331,1978,1,INDL,C,D,STD,CWK.1,157339102,CHADWICK-MILLER INC,USD,1978Q1,1978Q1,9.6269999,.70700002,,,1.6950001,,3.2460001,7.2750001,0,,I,Norfolk,5099,.17606731,.52218115,,,,,,,,,,,,,,,,,,,,,,,,,,,,,,,,,,,,,,,,,,,,,,,,,,,,,,,,,,Master only (1)
3004,MA,19780430,1978,1,INDL,C,D,STD,CWI.1,168709103,CHILD WORLD,USD,1978Q1,1978Q1,75.304001,54.143002,,,0,,16.725,14.325,.088,,I,Norfolk,5945,0,0,019328343,79226130,CHILD WORLD INC,126600000,MA,5945,,,,,,,0,,,,,,,,,0,0,,,1,,0,,,0,,,,,,,0,,,0,0,,,0,0,,,,,,,,,,,,Matched (3)
3030,GA,19780331,1978,1,INDL,C,D,STD,CHU.1,171583107,CHURCH'S FRIED CHICKEN INC,USD,1978Q1,1978Q1,111.153,34.001999,,,4.6570001,,53.610001,-3.585,.338,,I,,5812,.041897204,.086868122,027017417,27017417,CHURCHS FRIED CHICKEN INC,227000000,TX,5812,0,0,0,0,0,,,,,0,0,,,,0,0,0,,0,,0,,0,,0,,,0,,,,0,0,0,,0,0,,,,,,0,1,,,,,,,,Matched (3)
3051,AZ,19780731,1978,1,INDL,C,D,STD,CRK.2,172585101,CIRCLE K CORP,USD,1978Q2,1978Q1,115.664,68.709,,,2.9070001,,108.152,12.111,,936287,I,,5412,.025133144,.026878837,008948143,74476607,CIRCLE K CORPORATION THE,363000000,AZ,5411,,,,1,0,,,,,,,,,0,,,,,,,,,,,,,0,,,,,,0,,,,0,0,,,,,,0,0,,,0,,,,Matched (3)
3054,VA,19780531,1978,1,INDL,C,D,STD,CCTYQ,172737108,CIRCUIT CITY STORES INC,USD,1978Q2,1978Q1,28.639,19.974001,,,1.809,,23.103001,9.7959995,.081,104599,I,,5731,.063165613,.078301519,,,,,,,,,,,,,,,,,,,,,,,,,,,,,,,,,,,,,,,,,,,,,,,,,,,,,,,,,,Master only (1)
3090,OH,19780430,1978,1,INDL,C,D,STD,CLK.1,180688103,CLARK CONSOLIDATED INDS,USD,1978Q1,1978Q1,11.098,5.6900001,,,2.8599999,,6.3099999,5.9629998,.086999997,,I,,5063,.25770408,.4532488,,,,,,,,,,,,,,,,,,,,,,,,,,,,,,,,,,,,,,,,,,,,,,,,,,,,,,,,,,Master only (1)
3164,OH,19780430,1978,1,INDL,C,D,STD,CNJ,193290103,COLE NATIONAL CORP,USD,1978Q1,1978Q1,45.724998,24.122,,,5.3340001,,32.412998,14.206,.26100001,769644,I,,5990,.11665391,.1645636,004460432,60421146,COLE NATIONAL CORPORATION,127800000,OH,3851,,,,,0,0,,,0,0,,,0,,0,0,,0,0,,0,,,,0,,,0,,,,0,,,.053208139,.94679189,0,,0,0,,,,0,,,,,,,,Matched (3)
3177,CA,19780731,1978,1,INDL,C,D,STD,CF.5,194846101,COLLINS FOODS INTERNATIONAL,USD,1978Q2,1978Q1,95.775002,56.008999,,,6.0409999,,51.318001,8.8559999,.67900002,350929,I,Los Angeles,5812,.063074917,.11771698,059813394,66564105,COLLINS FOOD INTERNATIONAL INC,0,CA,5812,,,,,,,,,,,,,,,,,,,,,,,,,,,,,,,,,,,,,,,,,,,,,,,,,,,,Matched (3)
3184,NJ,19780331,1978,1,INDL,C,D,STD,CCOM,12504V107,CCOM GROUP INC,USD,1978Q1,1978Q1,42.855999,41.259998,,,6.7969999,,7.4229999,15.316,1.023,21828,I,,5070,.1586009,.91566753,,,,,,,,,,,,,,,,,,,,,,,,,,,,,,,,,,,,,,,,,,,,,,,,,,,,,,,,,,Master only (1)
3495,OH,19780430,1978,1,INDL,C,D,STD,3COKU,216245100,COOK UNITED INC,USD,1978Q1,1978Q1,193.96899,125.201,,,7.3099999,,110.118,62.960999,,24381,I,,5331,.037686434,.066383332,007900400,30937544,COOK UNITED INC,418000000,OH,5411,,,,,,,,,,0,0,,0,,0,0,,0,,,0,,.040669855,,,,,0,,,,,,,0,.95933014,0,,0,,0,,0,,,,,,,0,,Matched (3)
3578,MA,19771231,1978,1,INDL,C,D,STD,CRM.3,224273102,CRAMER ELECTRONICS INC,USD,1977Q4,1978Q1,61.966,41.945,,,22.319,,35.622002,18.813999,.796,25423,I,,5065,.36018139,.62655103,006955355,59724112,CRAMER ELECTRONICS INC,153000000,MA,5999,,0,,0,0,0,0,,,0,0,,,,0,,,,,1,0,,,0,,,,0,,,,0,,,0,0,,,,,,,,0,,,,0,,,,Matched (3)
3615,MI,19780430,1978,1,INDL,C,D,STD,CWYM,228093100,CROWLEY MILNER & CO,USD,1978Q1,1978Q1,19.607,7.9359999,,,1.9579999,,10.894,10.194,.082999997,25871,I,,5311,.099862292,.17973197,006957732,85035863,CROWLEY MILNER AND COMPANY*,55600000,MI,5311,,,,,,,,,,,,,,,,,,,,,,,1,,,,,,,,,,,,,,,,,,,,,,,,,,,,,Matched (3)
3646,ID,19770930,1978,1,INDL,C,D,STD,5623C,88999Y939,TOM THUMB FOOD & DRUGS INC,USD,1977Q3,1978Q1,121.799,86.115997,,,5.3520002,,182.383,19.381001,1.258,1704799,I,,5411,.043941248,.02934484,022813786,71363220,TOM THUMB FOOD MARKET INC,33000000,MN,5411,,,,,,,,,,,,,,,,,,,,,,,,1,,,,,,,,,,,,,,,,,,,,,,,,,0,,,Matched (3)
3654,NY,19771130,1978,1,INDL,C,D,STD,CDD.1,231129107,CUNNINGHAM DRUG STORES INC,USD,1977Q4,1978Q1,49.658001,23.084999,,,1.549,,39.217999,-21.215,.037,26205,I,,5912,.031193363,.039497171,006957740,83936351,CUNNINGHAM DRUG STORES INC,211000000,MI,5912,,,,,0,.014218009,,0,,0,,,,,0,,,,,,,,.78199053,,0,,,,,,,,,,0,.20379147,,,0,,,,,0,,,,0,,,,Matched (3)
3708,OH,19780731,1978,1,INDL,C,D,STD,WEN,95058W100,WENDY'S CO,USD,1978Q2,1978Q1,170.58501,91.290001,,,19.989,,37.112,30.737,1.1109999,30697,A,,5812,.11717912,.53861284,052856671,87057592,WENDYS INTERNATIONAL INC,114000000,OH,5812,,,,,0,,,,,0,0,,,,,0,,0,,,,,,,,,,,,,,,,,0,1,0,,,,,,0,0,,,,,,0,,Matched (3)
3782,TX,19771031,1978,1,INDL,C,D,STD,CTLE.,149479107,CATTLESALE CO,USD,1977Q3,1978Q1,90.336998,32.307999,,,21.924,,33.800999,29.18,.27000001,205239,I,,5961,.24269125,.64861989,,,,,,,,,,,,,,,,,,,,,,,,,,,,,,,,,,,,,,,,,,,,,,,,,,,,,,,,,,Master only (1)
3813,MN,19780430,1978,1,INDL,C,D,STD,TGT,87612E106,TARGET CORP,USD,1978Q1,1978Q1,1418.619,832.16699,,,356.423,,566.995,302.07001,,27419,A,,5331,.25124645,.62861753,,,,,,,,,,,,,,,,,,,,,,,,,,,,,,,,,,,,,,,,,,,,,,,,,,,,,,,,,,Master only (1)
3869,SC,19770930,1978,1,INDL,C,D,STD,DEN.1,248703100,DENNY'S INC,USD,1977Q3,1978Q1,301.73099,196.131,,,8.3100004,,141.812,6.869,3.1440001,,I,,5812,.027541088,.058598708,24005605,24005605,DENNYS INC,403000,VA,5712,,,,,,,,,,,,,,,,,,,,,,,,,,,,,,,,,,,,,,,,,,,,,,1,,,,,,Matched (3)
3886,NY,19780531,1978,1,INDL,C,D,STD,GRI.2,398635102,GRISTEDES FOODS INC,USD,1978Q2,1978Q1,9.1099997,8.3190002,,,2.6440001,,3.076,5.7620001,.094999999,28325,I,,5411,.29023051,.85955787,,,,,,,,,,,,,,,,,,,,,,,,,,,,,,,,,,,,,,,,,,,,,,,,,,,,,,,,,,Master only (1)
3903,CT,19780630,1978,1,INDL,C,D,STD,DEV.3,251800108,DEVON GROUP  -OLD,USD,1978Q2,1978Q1,57.627998,45.370998,,,16.955999,,31.080999,12.59,.37900001,,I,Fairfield,5190,.29423198,.5455423,003910874,66113812,DEVON GROUP INC,197700000,CA,5199,,,,,.57157308,.37278706,,,,,,,,,.055639859,,,,,0,,,,,,,,,,,,0,,,0,,,,,,,,,,,,0,,,,,Matched (3)
3914,NJ,19780331,1978,1,INDL,C,D,STD,8295B,252435102,DI GIORGIO CORP,USD,1978Q1,1978Q1,266.957,181.177,,,61.363998,,215.07201,69.764999,2.0439999,28871,I,,5141,.22986473,.2853184,,,,,,,,,,,,,,,,,,,,,,,,,,,,,,,,,,,,,,,,,,,,,,,,,,,,,,,,,,Master only (1)
3964,AR,19780430,1978,1,INDL,C,D,STD,DDS,254067101,DILLARDS INC  -CL A,USD,1978Q1,1978Q1,212.23,147.621,,,28.473,,63.118999,54.400002,3.596,28917,A,,5311,.13416106,.45110029,004867198,35647999,DILLARDS DEPARTMENT STORES INC,273500000,AR,5211,,,1,,,,,,,,,,,,,,0,,0,,,,,,0,,,,,,,,0,,0,,0,,,,,,,0,,,,,,,,Matched (3)
4044,TX,19771130,1978,1,INDL,C,D,STD,DGS.1,258198100,DORCHESTER GAS CORP,USD,1977Q4,1978Q1,134.489,77.694,,,15.26,,15.998,-6.5310001,.435,29754,I,Dallas,5171,.11346653,.95386922,056863798,87490603,DORCHESTER GAS CORPORATION,79300000,TX,1321,,,,,,,,,,,,,,,,,,,,,,,,,,,,,,,,,,,,,0,,,,,,,1,,,,,,,,Matched (3)
4084,NJ,19780430,1978,1,INDL,C,D,STD,DF.2,262188105,DRUG FAIR INC,USD,1978Q1,1978Q1,63.276001,34.886002,,,2.9820001,,56.412998,21.719,.186,30215,I,,5912,.047126874,.052860156,007939747,65416695,DRUG FAIR INC,239000000,VA,5912,,,,,,,,,,,,,,,,,,,,,0,,,,,,,,,,,,,,,,,,0,,,,,,,1,,,,0,,Matched (3)
4207,FL,19771031,1978,1,INDL,C,D,STD,ECK.1,278763107,ECKERD CORP,USD,1977Q3,1978Q1,396.487,119.251,,,19.443001,,239.78999,182.442,.112,31364,I,,5912,.049038179,.081083447,,,,,,,,,,,,,,,,,,,,,,,,,,,,,,,,,,,,,,,,,,,,,,,,,,,,,,,,,,Master only (1)
4218,MO,19780331,1978,1,INDL,C,D,STD,EDBR.,280875303,EDISON BROTHERS STORES,USD,1978Q1,1978Q1,293.298,130.44501,,,0,,187.68401,87.019997,1.105,31575,I,,5600,0,0,,,,,,,,,,,,,,,,,,,,,,,,,,,,,,,,,,,,,,,,,,,,,,,,,,,,,,,,,,Master only (1)
4234,NY,19780731,1978,1,INDL,C,D,STD,EHR,282443100,EHRENREICH PHOTO-OPTICAL IND,USD,1978Q2,1978Q1,76.894997,48.268002,,,24.964001,,35.422001,23.716,.70499998,,I,,5040,.3246505,.70475978,001962976,80661119,EHRENREICH PHOTO-OPTCL INDSTS*,116000000,NY,5043,,,,,0,,,,,,,,,,0,,,,,,,,,,,,,,,,,,,,1,,,,,,,,,,,,,,,,,Matched (3)
4263,NY,19771031,1978,1,INDL,C,D,STD,3EADY,285055109,ELECTRO AUDIO DYNAMICS,USD,1977Q3,1978Q1,52.473999,36.063,,,12.627,,16.98,16.855,.41800001,31088,I,Nassau,5122,.24063346,.74363959,052781721,80526965,ELECTRO AUDIO DYNAMICS INC,67550000,NY,3662,,,,,.13323463,,,,,,0,,,,,0,,,,.014063656,,0,,0,,,,,,,0,0,,,.85270172,,,,0,,,,,0,,,,,,,,Matched (3)
4453,NY,19780331,1978,1,INDL,C,D,STD,EE.1,296677107,ESQUIRE RADIO & ELECTRON INC,USD,1978Q1,1978Q1,17.183001,5.6919999,,,4.5809999,,7.5310001,11.466,0,33541,I,,5065,.2666007,.60828573,006978951,6978951,ESQUIRE RADIO & ELECTRONICS*,39500000,NY,3651,,,,,,,,,,,,,,,,,,,,,,,,,,,,,,,,,,,1,,,,,,,,,,,,,,,,,Matched (3)
4470,FL,19780331,1978,1,INDL,C,D,STD,4599B,299209106,EVANS PRODUCTS CO,USD,1978Q1,1978Q1,588.49701,326.353,,,102.101,,213.27901,156.623,5.2480001,,I,Dade,5211,.17349452,.47872037,46083135=,46083135,EVANS PROPERTIES INC,50000000,FL,174,,,,,,,,,,1,,,,,,,,,,,,,,,,,,,,,,,,,,,,,,,,,,,,,,,,,,Matched (3)
4523,OH,19780430,1978,1,INDL,C,D,STD,JAS,47758P307,JO-ANN STORES INC,USD,1978Q1,1978Q1,57.73,27.589001,,,2.0599999,,31.018999,30.458,.31900001,34151,I,,5940,.035683353,.066410907,002944684,56927015,FABRI-CENTERS OF AMERICA INC,104000000,OH,5399,,0,,,,,,0,,0,,,,,0,0,,,,,0,,0,0,0,,,,,,,0,,,0,1,,,0,,,,0,,,0,,,,0,,Matched (3)
4550,TX,19780531,1978,1,INDL,C,D,STD,FMF.1,305189102,FAIRMONT FOODS CO,USD,1978Q2,1978Q1,172.26401,101.404,,,31.540001,,138.924,24.979,1.2690001,34291,I,,5411,.18309107,.22703061,007271869,54446547,FAIRMONT FOODS COMPANY*,583500032,TX,5411,,.01713796,0,.042844899,0,.0042844899,,,,.03341902,,,0,,0,0,0,0,,,0,,0,0,0,,,0,0,0,,0,0,,0,0,0,0,0,,,0,0,.90231359,0,0,,0,0,0,,Matched (3)
4592,NY,19780430,1978,1,INDL,C,D,STD,FAY.1,313035107,FAYS INC,USD,1978Q1,1978Q1,40.063999,27.018,,,1.1390001,,30.080999,9.8109999,.23999999,34768,I,,5912,.028429512,.037864432,057763575,83282863,FAYS DRUG COMPANY INC,119000000,NY,5331,,,,,,,,,,,,,,,,,,,,,,,,,,,,,,,,,,,1,,,,0,,,,,,,,,,,,,Matched (3)
4594,CA,19771130,1978,1,INDL,C,D,STD,FMI.2,313081101,FED-MART CORP,USD,1977Q4,1978Q1,154.772,103.219,,,3.6860001,,126.147,16.388,.68400002,,I,,5311,.023815677,.029219879,006911358,27968809,FED-MART CORPORATION INC,528000000,CA,5311,,,,0,1,,,,,,,,,,,,,,,,,,,,,,,,,,,,0,,,,,,,,,,,0,,,,,,,,Matched (3)
4611,NY,19780430,1978,1,INDL,C,D,STD,M,55616P104,MACY'S INC,USD,1978Q1,1978Q1,2638.6641,1240.252,,,617.12097,,1113.35,577.14301,9.6999998,794367,A,,5311,.2338763,.55429202,,,,,,,,,,,,,,,,,,,,,,,,,,,,,,,,,,,,,,,,,,,,,,,,,,,,,,,,,,Master only (1)
4748,OH,19780331,1978,1,INDL,C,D,STD,RSR1,766878003,RINI-REGO SUPERMARKET,USD,1978Q1,1978Q1,338.79199,254.231,,,10.237,,362.89001,41.441002,3.0190001,37180,I,,5140,.03021618,.028209651,003980075,93284172,RINI SUPERMARKETS INC,72000000,OH,5411,,,,,,,,,,,,,,,,,,,,,,,,,,,,,,,,,,,,1,,,,,,,,,,,,,,,,Matched (3)
4750,NY,19780331,1978,1,INDL,C,D,STD,FSH.3,338117104,FISHMAN (M.H.) INC,USD,1978Q1,1978Q1,19.568001,7.6030002,,,.017000001,,8.0450001,12.596,.027000001,,I,,5331,.00086876535,.0021131136,006983761,56305444,FISHMAN MH CO INC,48950000,NY,5311,,0,,,,,,,0,,0,,,,0,,,,,,,,,,,,,.025536261,,,,,,,.97446376,0,,,0,,,,,,,0,,,,,,Matched (3)
4759,FL,19771231,1978,1,INDL,C,D,STD,BDL,338517105,FLANIGANS ENTERPRISES INC,USD,1977Q4,1978Q1,32.234001,23.802,,,.60299999,,13.642,-.39899999,.45500001,12040,A,,5812,.018706955,.044201732,032480725,47473053,FLANIGANS ENTERPRIESES INC,48800000,FL,5921,,,,,,,,,,1,0,,,,,,,,,,,,,,,,,,,,,,,,,,,,,,,,,0,,,,,,,,Matched (3)
4769,TX,19780331,1978,1,INDL,C,D,STD,FLMIQ,339130106,FLEMING COMPANIES INC,USD,1978Q1,1978Q1,250.60899,161.16,,,39.205002,,654.659,72.444,1.712,352949,I,,5141,.15643892,.059886139,91615930,91615930,FLEMING COMPANY THE,0,MI,5113,,,,,,,,,,,,,,,,,,,,,,,,,,,,,,,,,,,,,,,,,,,,,,,,,,,,Matched (3)
4775,NY,19771031,1978,1,INDL,C,D,STD,FLIC.,339405300,FLICKINGER (S.M.) CO INC,USD,1977Q3,1978Q1,106.626,65.449997,,,14.425,,218.24899,26.754,.40099999,1124260,I,Erie,5141,.13528596,.066094235,,,,,,,,,,,,,,,,,,,,,,,,,,,,,,,,,,,,,,,,,,,,,,,,,,,,,,,,,,Master only (1)
4830,NJ,19780131,1978,1,INDL,C,D,STD,FSM.2,344820105,FOODARAMA SUPERMARKETS,USD,1977Q4,1978Q1,43.963001,23.226999,,,1.056,,92.281998,6.7069998,.082000002,37914,I,,5411,.024020199,.011443185,,,,,,,,,,,,,,,,,,,,,,,,,,,,,,,,,,,,,,,,,,,,,,,,,,,,,,,,,,Master only (1)
4887,MI,19780331,1978,1,INDL,C,D,STD,FNCNQ,355361106,FRANKS NURSERY & CRAFTS INC,USD,1978Q1,1978Q1,43.202,29.698,,,.58099997,,8.5509996,7.8119998,.45300001,38792,I,Oakland,5200,.013448452,.067945272,002937217,62236401,FRANKS NURSERY SALES INC,117000000,MI,5261,,,,,,,,,,,,,,,0,0,,,,,,,1,0,,,,,,,,,,,,0,,,,,,,,,,,,,,,,Matched (3)
4904,NY,19780430,1978,1,INDL,C,D,STD,4159B,358478105,FRIENDLY FROST INC,USD,1978Q1,1978Q1,19.142,14.448,,,.74599999,,9.8549995,2.6719999,.078000002,39134,I,,5200,.038971893,.075697616,,,,,,,,,,,,,,,,,,,,,,,,,,,,,,,,,,,,,,,,,,,,,,,,,,,,,,,,,,Master only (1)
4909,CT,19780831,1978,1,INDL,C,D,STD,FRG.3,358640100,FRIGITRONICS INC,USD,1978Q3,1978Q1,37.216,16.698,,,10.23,,19.556999,18.000999,.185,39159,I,Fairfield,5990,.27488178,.52308637,046422515,46422515,FRIGITRONICS INC DEL,101320000,CT,3851,,,0,,0,0,.50927752,,,.044413738,,,.0011843664,,0,0,.0098697199,0,,,0,,,.40860641,.0246743,,0,,0,0,,,0,0,.001973944,,0,0,0,,0,0,,,0,,,,0,,,Matched (3)
4911,OH,19780831,1978,1,INDL,C,D,STD,FRS,358748101,FRISCH'S RESTAURANTS INC,USD,1978Q3,1978Q1,50.813999,29.594999,,,1.4809999,,31.938999,.336,.44600001,39047,I,,5812,.029145511,.046369642,006999437,30945539,FRISCHS RESTAURANT INC,90900000,OH,5812,,,,,,,,,,.0110011,,,,,,0,0,0,,,,,,,,,,,,,,,,,,.90099013,0,,,,,,,.088008799,,,,,,,,Matched (3)
4945,NY,19780331,1978,1,INDL,C,D,STD,GDVI.1,361578107,GDV INC,USD,1978Q1,1978Q1,489.72299,329.86099,,,42.216999,,113.548,21.452999,4.9990001,40522,I,New York,5960,.086205877,.37179872,84642990,84642990,GABELLI & COMPANY INC,0,NY,6211,,,,,,,,,,,,,,,,,,,,,,,,,,,,,,,,,,,,,,,,,,,,,,,,,,,,Matched (3)
4979,CA,19780430,1978,1,INDL,C,D,STD,WIX1,364640003,GAMBLE-SKOGMO,USD,1978Q1,1978Q1,831.97699,599.35101,,,138.79401,,415.13501,236.567,18.075001,,I,,5411,.16682433,.33433461,,,,,,,,,,,,,,,,,,,,,,,,,,,,,,,,,,,,,,,,,,,,,,,,,,,,,,,,,,Master only (1)
4990,CA,19780430,1978,1,INDL,C,D,STD,GPS,364760108,GAP INC,USD,1978Q1,1978Q1,83.124001,44.041,,,1.393,,44.997002,12.8,.20900001,39911,A,,5651,.016758095,.030957619,048626915,72515455,GAP STORES INC,205000000,CA,5611,,,,,1,,,,,0,,,,,0,,,0,,,0,,0,0,0,,,,,,0,0,,,0,,,,0,,,,,0,,,,0,,,,Matched (3)
4996,DC,19780430,1978,1,INDL,C,D,STD,GBM.1,366028108,GARFINCKEL BROOKS BROTHERS,USD,1978Q1,1978Q1,213.013,121.246,,,61.750999,,72.672997,83.933998,1.8099999,,I,District of Columbia Washington,5311,.28989309,.84971035,,,,,,,,,,,,,,,,,,,,,,,,,,,,,,,,,,,,,,,,,,,,,,,,,,,,,,,,,,Master only (1)
5009,NJ,19780430,1978,1,INDL,C,D,STD,GYL,368226106,GAYLORDS NATIONAL CORP,USD,1978Q1,1978Q1,50.916,39.598999,,,.99800003,,19.666,9.8179998,.45699999,40245,I,,5331,.019600911,.050747484,006984199,6984199,GAYLORDS NATIONAL CORPORATION,121600000,NJ,5311,,0,,,,,,,0,0,0,,0,,0,,,,0,,0,,,,,0,,0,,,,1,,,,,,,0,,,,,,,,,,,0,,Matched (3)
5060,NY,19780331,1978,1,INDL,C,D,STD,GH.2,370064107,GENERAL HOST CORP,USD,1978Q1,1978Q1,206.70599,165.48399,,,34.521,,137.172,42.057999,2.6670001,40638,I,,5200,.16700532,.25166214,,,,,,,,,,,,,,,,,,,,,,,,,,,,,,,,,,,,,,,,,,,,,,,,,,,,,,,,,,Master only (1)
5067,VA,19780630,1978,1,INDL,C,D,STD,GMD.2,370298101,GENERAL MEDICAL CORP,USD,1978Q2,1978Q1,100.113,51.084999,,,35.618,,63.528999,61.078999,.63599998,880123,I,,5190,.35577798,.56065732,023904428,54422118,GENERAL MEDICAL CORPORATION,290700000,VA,5086,,0,0,0,0,0,0,,,0,.011007912,,,,,.04127967,,0,,.034399725,0,,0,0,0,.01375989,,0,,,,.0085999314,0,,0,0,0,0,.027519779,,0,,0,.01375989,,.81527346,,,.034399725,0,,Matched (3)
5109,TN,19771031,1978,1,INDL,C,D,STD,GCO,371532102,GENESCO INC,USD,1977Q3,1978Q1,445.87799,369.694,,,34.675999,,260.65399,114.707,5.066,18498,A,,5661,.077770151,.1330346,001367549,60743481,GENESCO INC,1050000000,TN,5399,,0,,0,0,,0,0,,0,0,0,,,0,0,0,0,0,0,0,,0,0,0,0,,0,,0,,0,0,,0,0,0,,0,0,0,,1,0,,0,,0,0,,,Matched (3)
5121,NY,19780430,1978,1,INDL,C,D,STD,GDX.A,372442202,GENOVESE DRUG STORES  -CL A,USD,1978Q1,1978Q1,23.537001,13.256,,,1.215,,24.336,9.2290001,.119,40970,I,,5912,.051620852,.049926035,012364949,66955279,GENOVESE DRUG STORES INC,79200000,NY,5912,,,,,,,0,,,,,,,,,,,,,,,,,,,,,,,,,0,,,1,,,,,,,,,,,,,,,,,Matched (3)
5125,GA,19780331,1978,1,INDL,C,D,STD,GPC,372460105,GENUINE PARTS CO,USD,1978Q1,1978Q1,384.25601,127.704,,,114.535,,269.65302,202.853,,40987,A,,5013,.29806951,.42474958,79371142,79371142,GENUINE PRODUCTS*,50000,GA,5087,,,,,,,,,,,1,,,,,,,,,,,,,,,,,,,,,,,,,,,,,,,,,,,,,,,,,Matched (3)
5151,MD,19780531,1978,1,INDL,C,D,STD,GFS.A,374478105,GIANT FOOD INC  -CL A,USD,1978Q2,1978Q1,257.26901,172.181,,,5.6420002,,237.323,40.827999,1.7690001,41289,I,,5411,.021930354,.023773506,006919757,63230072,GIANT FOOD OF MARYLAND INC,936000000,MD,5411,,,,,,,,0,,,,,,,,,,,,,1,,,,,,,,,,,,,,,,,,,,,,,,,0,,,,,,Matched (3)
5172,PA,19780331,1978,1,INDL,C,D,STD,GNO.1,376109104,GINO'S INC,USD,1978Q1,1978Q1,107.317,56.825001,,,1.669,,62.118999,2.5469999,.79299998,,I,Montgomery,5812,.015552056,.026867786,,,,,,,,,,,,,,,,,,,,,,,,,,,,,,,,,,,,,,,,,,,,,,,,,,,,,,,,,,Master only (1)
5194,PA,19780430,1978,1,INDL,C,D,STD,GEE.2,379614100,GLOSSER BROTHERS INC,USD,1978Q1,1978Q1,32.564999,13.098,,,2.7969999,,30.235001,12.031,.015,41927,I,,5311,.085889757,.092508681,007911811,94223690,GLOSSER BROS,135600000,PA,5311,,,,,,,,,,,,,,,,,,,,,,,,,,,,,,,,,,,,,,,1,,,,,,,,,,,,,Matched (3)
5221,WV,19780430,1978,1,INDL,C,D,STD,GOO,382073104,GOOD (L.S.) CO,USD,1978Q1,1978Q1,40.498001,30.74,,,2.5020001,,14.104,7.6139998,.76800001,,I,Ohio,5311,.061780829,.17739648,007945439,7945439,GOOD L S & CO INC DELAWARE*,136700000,WV,5311,,,,,,,,,,,,,,,,,,,,,,,.27432334,,,,,,,,,,,,.073152892,.054864667,,,.051207021,,,,,,,,,,,.54645211,,Matched (3)
5235,TX,19771130,1978,1,INDL,C,D,STD,6051A,382748002,GORDON JEWELRY CORP,USD,1977Q4,1978Q1,213.304,98.323997,,,34.290001,,56.389,112.052,.80800003,,I,Dallas,5944,.16075648,.60809731,,,,,,,,,,,,,,,,,,,,,,,,,,,,,,,,,,,,,,,,,,,,,,,,,,,,,,,,,,Master only (1)
5256,IL,19780331,1978,1,INDL,C,D,STD,GWW,384802104,GRAINGER (W W) INC,USD,1978Q1,1978Q1,249.69299,56.868999,,,48.143002,,121.744,120.052,.102,277135,A,,5000,.19280876,.39544454,005103494,25739772,GRAINGER W W INC,551500032,IL,5063,,0,0,0,0,,0,0,,0,0,,0,,.90299177,0,,0,0,0,0,0,.0063463277,0,0,,,0,0,0,,0,,,0,0,0,0,0,0,0,,0,0,,0,,0,.090661824,0,,Matched (3)
5259,CO,19780430,1978,1,INDL,C,D,STD,GAI.2,385201108,GRAND AUTO INC,USD,1978Q1,1978Q1,34.903,23.249001,,,7.4369998,,18.933001,12.091,.35499999,42996,I,,5531,.21307623,.3928062,007966781,76112176,GRAND AUTO INC,75200000,CA,5531,,,,,1,,,,,,,,,,,,,,,,,,,,,,,,,,,,,0,,,,,,,,,,,,,,,,,,Matched (3)
5260,UT,19771031,1978,1,INDL,C,D,STD,GC.2,385272109,GRAND CENTRAL INC,USD,1977Q3,1978Q1,83.588997,61.877998,,,.67799997,,36.102001,22.271999,1.035,43011,I,,5331,.0081111155,.018780123,008954653,72965395,GRAND CENTRAL INC,176000000,UT,5311,,,,,,,,,,,,,,0,,,,,,,,,,,,,,,,,,,0,0,,,,,,,,,,,1,,,,,,0,Matched (3)
5285,OH,19780731,1978,1,INDL,C,D,STD,GRY.1,389280108,GRAY DRUG STORES,USD,1978Q2,1978Q1,157.812,109.085,,,3.6270001,,95.987999,51.195999,1.63,,I,Cuyahoga,5912,.022983043,.037785973,007900590,84559335,GRAY DRUG STORES INC,541299968,OH,5912,,,,,,,,,,0,,,,,,,,0,,,,,.014779236,,,,,,,,,,,,,.98522085,,,,,,,,,,,,,,,,Matched (3)
5301,NJ,19780531,1978,1,INDL,C,D,STD,GAPTQ,390064103,GREAT ATLANTIC & PAC TEA CO,USD,1978Q2,1978Q1,1292.377,852.21503,,,51.284,,1808.319,224.907,10.191,43300,I,,5411,.039681919,.028360041,001367366,80606833,GREAT ATLANTIC & PCF TEA CO,7280200192,NJ,4225,,0,,,0,,0,0,,0,0,,0,0,0,0,0,0,0,0,0,0,0,,0,0,,0,,0,0,.99997252,,,0,0,,,.000027471771,0,0,,0,0,,0,0,0,0,0,,Matched (3)
5334,NY,19780430,1978,1,INDL,C,D,STD,NKID,655370104,NOODLE KIDOODLE INC,USD,1978Q1,1978Q1,38.241001,21.882999,,,9.3199997,,13.635,19.194,.20999999,43837,I,,5945,.24371748,.68353504,,,,,,,,,,,,,,,,,,,,,,,,,,,,,,,,,,,,,,,,,,,,,,,,,,,,,,,,,,Master only (1)
5413,CA,19780430,1978,1,INDL,C,D,STD,HRT.2,404269201,HRT INDUSTRIES INC,USD,1978Q1,1978Q1,146.23599,114.778,,,13.614,,65.959999,36.727001,1.4910001,352909,I,,5331,.093096092,.20639782,006926984,6926984,HRT LTD*,15800000,HI,6711,,,,,,,,,,,,1,,,,,,,,,0,,,,,,,,,,,,,,,,,,,,,,,,,,,,,,,Matched (3)
5429,PA,19780331,1978,1,INDL,C,D,STD,HJA.,405307109,HAJOCA CORP-ME,USD,1978Q1,1978Q1,70.276001,54.374001,,,21.295,,36.41,38.915001,.801,,I,,5070,.30301952,.58486682,,,,,,,,,,,,,,,,,,,,,,,,,,,,,,,,,,,,,,,,,,,,,,,,,,,,,,,,,,Master only (1)
5453,PA,19780331,1978,1,INDL,C,D,STD,HML.2,408306108,HAMMERMILL PAPER CO,USD,1978Q1,1978Q1,552.14301,302.19601,,,104.625,,199.323,152.72701,2.9990001,45214,I,,5110,.18948896,.52490181,005031901,41529744,HAMMERMILL PAPER CO*,798499968,PA,2621,,0,0,0,0,0,0,.018785223,,0,0,0,0,,0,0,0,,0,.065122105,.018785223,0,0,,0,,0,0,0,0,,0,,0,.012523482,.00062617409,0,0,.88415784,0,,,0,0,0,0,,,0,,,Matched (3)
5465,ME,19780331,1978,1,INDL,C,D,STD,HRD.1,410550107,HANNAFORD BROTHERS CO,USD,1978Q1,1978Q1,73.478996,48.820999,,,2.0780001,,89.352997,12.575,.66900003,45379,I,,5411,.028280189,.023256075,006949556,83178301,HANNAFORD BROS CO*,513700000,ME,5912,,,,,,,,,,,,,,,,,,,,,,.99805331,,,,,,,,,.0019466615,,,,,,,,,,,,,,,,0,,,,,Matched (3)
5513,NJ,19780430,1978,1,INDL,C,D,STD,HRVEQ,417660404,HARVEY ELECTRONICS INC,USD,1978Q1,1978Q1,20.695,11.967,,,5.4089999,,11.635,8.776,.19400001,46043,I,,5731,.26136747,.46489042,,,,,,,,,,,,,,,,,,,,,,,,,,,,,,,,,,,,,,,,,,,,,,,,,,,,,,,,,,Master only (1)
5544,NY,19780331,1978,1,INDL,C,D,STD,HCH.1,42299Y107,HEALTH-CHEM CORP-OLD,USD,1978Q1,1978Q1,34.987999,22.677999,,,6.8369999,,13.117,10.653,.37799999,,I,New York,5047,.19540985,.52123201,054548045,54547989,HEALTH-CHEM CORPORATION,72100000,NY,2295,,,,,,,,,,,0,,,,.18030514,.041608877,,,,,,,,,,,,,,,,,,,.73647714,,,0,0,,,,,,,,,.041608877,,,,Matched (3)
5602,PA,19780430,1978,1,INDL,C,D,STD,HSS.1,428092100,HESS'S INC,USD,1978Q1,1978Q1,106.168,83.498001,,,19.476999,,26.174999,13.352,1.423,,I,,5311,.18345453,.74410695,045139052,73657553,HESSS INC,120000000,PA,4225,,,,,,,,,,,,,,,,,,,,,,,,,,,,,,,,,,,,,,,1,,,,,,,,,,,,,Matched (3)
5646,IL,19780331,1978,1,INDL,C,D,STD,HINE,433236106,HINES (EDWARD) LUMBER CO,USD,1978Q1,1978Q1,110.342,36.344002,,,27.049,,70.332001,36.040001,,47613,I,,5031,.24513784,.38459024,,,,,,,,,,,,,,,,,,,,,,,,,,,,,,,,,,,,,,,,,,,,,,,,,,,,,,,,,,Master only (1)
5722,MD,19780331,1978,1,INDL,C,D,STD,HII.1,441074101,HOST INTERNATIONAL INC,USD,1978Q1,1978Q1,152.34599,89.197998,,,7.178,,70.925003,14.973,1.191,905042,I,,5812,.047116432,.1012055,006907646,44333722,HOST INTERNATIONAL INC,301500000,CA,5812,,,,,.87396353,0,,0,,0,,0,,,0,,,,.0099502485,0,0,,0,0,0,,,,,,,0,,0,0,,,,,,,,,.11608624,,,,0,,0,,Matched (3)
5729,CA,19780430,1978,1,INDL,C,D,STD,HFAB,441759107,HOUSE OF FABRICS INC,USD,1978Q1,1978Q1,84.521004,35.730999,,,.34400001,,33.022999,37.205002,.31099999,315125,I,,5940,.0040699947,.010416982,029519725,53234647,HOUSE OF FABRICS INC,138000000,CA,5399,,,,0,1,0,0,,,,,,,,0,,,,,,,0,,,0,,,,,,,,0,,,0,,0,0,,0,,,0,,0,,,,,,Matched (3)
5732,IL,19780331,1978,1,INDL,C,D,STD,HOV.,441776101,HOUSE OF VISION INC,USD,1978Q1,1978Q1,16.950001,7.0479999,,,4.4250002,,8.7139997,11.331,.068000004,,I,Cook,5990,.26106194,.50780356,006930580,6930580,HOUSE OF VISION INC THE,85600000,IL,5999,,,,,.093457945,0,,,,,0,,,,.87149531,,,,,0,0,,,0,,,,,,,,0,,,,.03504673,,,,,,,,0,,,,,0,,,Matched (3)
5772,OH,19770930,1978,1,INDL,C,D,STD,HUFCQ,444356109,HUFFY CORP,USD,1977Q3,1978Q1,65.741997,38.104,,,24.298,,40.382,24.773001,.47099999,225463,I,,5090,.3695963,.6017037,004246500,87434346,HUFFY CORPORATION,172000000,OH,7699,,,,,0,,,,,,,,,,,0,,,,,,,,,,,,,,,,,,,,1,,,,,,,,,,,,,0,,,Matched (3)
5899,FL,19780331,1978,1,INDL,C,D,STD,IPII,452848401,IMPERIAL INDUSTRIES INC,USD,1978Q1,1978Q1,24.705,15.999,,,8.9879999,,15.472,8.3520002,.219,49930,I,,5030,.36381298,.5809204,44921435,44921435,IMPERIAL INDUSTRIES INC,45700000,FL,2434,,,,,,,,,,1,,,,,,,,,,,,,,,,,,,,,,,,,,,,,,,,,,,,,,,,,,Matched (3)
5968,IL,19780331,1978,1,INDL,C,D,STD,RYI,783754104,RYERSON HOLDING CORP,USD,1978Q1,1978Q1,2283.2729,1118.807,,,353.53799,,756.47601,345.112,11.821,1481582,A,,5051,.15483825,.46734861,,,,,,,,,,,,,,,,,,,,,,,,,,,,,,,,,,,,,,,,,,,,,,,,,,,,,,,,,,Master only (1)
6079,CA,19780331,1978,1,INDL,C,D,STD,IFS.2,459528105,INTL FOODSERVICE CORP,USD,1978Q1,1978Q1,78.877998,59.058998,,,25.129999,,58.773998,25.566,.71799999,,I,,5141,.31859326,.42757002,53900023,53900023,INTERNATIONAL FOOD SV HAWA*,11100000,HI,5147,,,,,,,,,,,,1,,,,,,,,,,,,,,,,,,,,,,,,,,,,,,,,,,,,,,,,Matched (3)
6108,MA,19780331,1978,1,INDL,C,D,STD,GRXR,399427103,GROUND ROUND RESTAURANT,USD,1978Q1,1978Q1,48.890999,18.546,,,6.6700001,,12.493,11.8,.185,51467,I,,5812,.13642593,.53389901,,,,,,,,,,,,,,,,,,,,,,,,,,,,,,,,,,,,,,,,,,,,,,,,,,,,,,,,,,Master only (1)
6114,NY,19780531,1978,1,INDL,C,D,STD,RRT,760930107,RESOURCE RECYCLING TECH,USD,1978Q2,1978Q1,17.66,7.151,,,8.2220001,,8.2469997,9.9569998,.13600001,51519,I,,5090,.46557191,.99696857,,,,,,,,,,,,,,,,,,,,,,,,,,,,,,,,,,,,,,,,,,,,,,,,,,,,,,,,,,Master only (1)
6127,TX,19780331,1978,1,INDL,C,D,STD,ENRNQ,293561106,ENRON CORP,USD,1978Q1,1978Q1,2285.271,1332.132,,,248.50301,,589.42401,223.16,14.174,1024401,I,,5172,.10874115,.42160311,,,,,,,,,,,,,,,,,,,,,,,,,,,,,,,,,,,,,,,,,,,,,,,,,,,,,,,,,,Master only (1)
6131,NJ,19780531,1978,1,INDL,C,D,STD,3IPHT,460596109,INTERPHOTO CORP,USD,1978Q2,1978Q1,11.387,7.211,,,3.355,,4.605,3.3,.163,51639,I,Bergen,5040,.29463422,.72855592,005359245,53171005,INTERPHOTO CORPORATION,22820000,NJ,5043,,,,,0,,,,,,,,,,0,,,,,,,,,,,,,,,,,1,,,0,0,,,,,0,,,,,,,,,,,Matched (3)
6179,NJ,19770930,1978,1,INDL,C,D,STD,EYE.2,859488108,STERLING OPTICAL CORP,USD,1977Q3,1978Q1,85.956001,44.368999,,,20.693001,,34.803001,41.692001,.53899997,52522,I,Bergen,5990,.24073945,.59457517,,,,,,,,,,,,,,,,,,,,,,,,,,,,,,,,,,,,,,,,,,,,,,,,,,,,,,,,,,Master only (1)
6206,IL,19780430,1978,1,INDL,C,D,STD,3JGIN,466145208,JG INDUSTRIES INC,USD,1978Q1,1978Q1,147.868,107.145,,,49.069,,59.07,24.424999,.96799999,42179,I,,5311,.33184326,.83069241,,,,,,,,,,,,,,,,,,,,,,,,,,,,,,,,,,,,,,,,,,,,,,,,,,,,,,,,,,Master only (1)
6229,NJ,19780430,1978,1,INDL,C,D,STD,JMYCQ,470737107,JAMESWAY CORP,USD,1978Q1,1978Q1,66.471001,40.869999,,,1.817,,36.398998,26.961,.285,53134,I,,5331,.027335228,.049918953,002251874,80808900,JAMESWAY CORP,176450000,NJ,5311,,,,,,,,,,,,,,,,,,,,,,,,,,,,,,,,1,,,0,0,,,0,,,,,,,0,,,,,,Matched (3)
6260,ID,19780430,1978,1,INDL,C,D,STD,JWL.,477196109,JEWEL COS INC,USD,1978Q1,1978Q1,915.34998,578.91998,,,36.842999,,779.133,118.92,5.0580001,1705260,I,,5411,.040250178,.047287177,005068630,89828180,JEWEL COMPANIES INC,3888940032,IL,4222,,,0,,0,0,,,,0,,,0,0,.9997583,0,,0,,.00012856974,,0,0,0,0,,.00011314137,0,0,0,0,0,,,0,,,0,0,0,,0,,0,,,0,0,0,,0,Matched (3)
6261,PA,19780430,1978,1,INDL,C,D,STD,5850B,477205108,JEWELCOR INC,USD,1978Q1,1978Q1,93.672997,58.396,,,13.237,,23.273001,28.115999,.72000003,53511,I,,5094,.14131074,.56877071,052294873,68568559,JEWELCOR INCORPORATED,283200000,PA,5399,,0,,0,0,,,,,0,,,,,.021186441,0,,,,,0,,,,,,,,,,,0,,,0,,,,.97881359,,,,,0,,,,,,,,Matched (3)
6285,CA,19780331,1978,1,INDL,C,D,STD,JOR.1,480829100,JORGENSEN (EARLE M.) CO,USD,1978Q1,1978Q1,145.612,45.532001,,,35.678001,,73.459999,64.473,.38299999,54003,I,,5051,.24502102,.48567927,008253718,9602087,JORGENSEN EARLE M CO*,241000000,CA,5051,,,,0,1,0,,,,,,0,,,0,,,,,,0,,0,,0,,,,,,,,,,,0,0,,0,,,,,0,,,,0,,,,Matched (3)
6303,MA,19780430,1978,1,INDL,C,D,STD,KDT,482455102,KDT INDUSTRIES INC,USD,1978Q1,1978Q1,239.58,162.472,,,4.7420001,,106.98,83.894997,1.569,55953,I,Suffolk,5331,.01979297,.044326041,006952477,30823629,KINGS DEPARTMENT STORES INC,467000000,MA,5311,,,,,,0,0,,,0,,,,,,0,,0,,.99357599,0,0,0,,,,,0,,,0,0,,,.0064239828,0,,,0,,,,0,,,0,0,,,,,Matched (3)
6307,IL,19780430,1978,1,INDL,C,D,STD,SHLDQ,812350106,SEARS HOLDINGS CORP,USD,1978Q1,1978Q1,4491.6992,2808.999,,,45.700001,,2290.7,1209.6,31.1,1310067,A,,5311,.010174324,.019950233,,,,,,,,,,,,,,,,,,,,,,,,,,,,,,,,,,,,,,,,,,,,,,,,,,,,,,,,,,Master only (1)
6354,ON,19780331,1978,1,INDL,C,D,STD,INNP,45775F104,BALFOUR MACLAINE CORP,USD,1978Q1,1978Q1,131.3,101.929,,,47.268002,,125.035,27.618,1.28,,I,,5140,.36000001,.37803814,,,,,,,,,,,,,,,,,,,,,,,,,,,,,,,,,,,,,,,,,,,,,,,,,,,,,,,,,,Master only (1)
6400,GA,19780331,1978,1,INDL,C,D,STD,3KNWNE,491782108,KENWIN SHOPS INC,USD,1978Q1,1978Q1,7.2449999,1.232,,,1.936,,3.868,5.3080001,,55393,I,,5621,.26721877,.50051707,008919292,8919292,KENWIN SHOPS INC,16500000,NY,5621,,0,0,,,,,,,,0,,,,,,,,0,,,,,,,0,,,,,,,,,1,,,,,,0,,0,0,,,,,,,,Matched (3)
6404,NJ,19780731,1978,1,INDL,C,D,STD,KCH.1,492620109,KETCHUM & CO,USD,1978Q2,1978Q1,27.593,17.934,,,9.6590004,,36.456001,12.119,.106,55510,I,,5122,.35005254,.26494953,,,,,,,,,,,,,,,,,,,,,,,,,,,,,,,,,,,,,,,,,,,,,,,,,,,,,,,,,,Master only (1)
6502,OH,19780331,1978,1,INDL,C,D,STD,KR,501044101,KROGER CO,USD,1978Q1,1978Q1,1517.106,1021.028,,,71.679001,,1674.828,295.785,7.223,56873,A,,5411,.047247194,.042797826,,,,,,,,,,,,,,,,,,,,,,,,,,,,,,,,,,,,,,,,,,,,,,,,,,,,,,,,,,Master only (1)
6508,TN,19780430,1978,1,INDL,C,D,STD,KBK.,501215107,KUHN'S-BIG K STORES,USD,1978Q1,1978Q1,88.862999,61.509998,,,.050999999,,64.846001,23.608,.82599998,,I,Davidson,5331,.00057391718,.00078647875,,,,,,,,,,,,,,,,,,,,,,,,,,,,,,,,,,,,,,,,,,,,,,,,,,,,,,,,,,Master only (1)
6553,NY,19770930,1978,1,INDL,C,D,STD,2825B,506750108,LAFAYETTE RADIO ELCTRNC CORP,USD,1977Q3,1978Q1,52.707001,19.919001,,,9.2250004,,18.149,27.683001,.27599999,,I,Nassau,5731,.1750242,.5082925,008963688,40469819,LAFAYETTE RDO ELCR OPERATING*,89180000,NY,5732,,,,,0,,0,,,,,,,,0,,,,,0,0,,,0,0,,,,,,,0,,,1,0,,,0,0,,,,,,,,,0,,,Matched (3)
6583,OH,19780430,1978,1,INDL,C,D,STD,LNY.,515174100,LANE BRYANT INC,USD,1978Q1,1978Q1,144.459,55.962002,,,66.239998,,85.530998,73.667,.119,57639,I,,5621,.45853841,.77445602,008917668,74000811,LANE BRYANT INC,334600000,NY,5137,,,,0,0,0,,0,,0,0,,,,.0047818292,0,,0,0,0,0,,0,0,0,,,,,,,0,,,.99521816,0,,,0,,,,,0,,0,,,,0,,Matched (3)
6619,NY,19780831,1978,1,INDL,C,D,STD,LKII,521078105,LAZARE KAPLAN INTERNATIONAL,USD,1978Q3,1978Q1,21.506001,4.1620002,,,4.533,,10.438,16.787001,,202375,I,,5094,.21077839,.43427861,,,,,,,,,,,,,,,,,,,,,,,,,,,,,,,,,,,,,,,,,,,,,,,,,,,,,,,,,,Master only (1)
6733,OH,19771031,1978,1,INDL,C,D,STD,BBWI,070830104,BATH & BODY WORKS INC,USD,1977Q3,1978Q1,67.591003,39.515999,,,7.3000002,,53.126999,17.474001,.38100001,701985,A,,5990,.10800254,.13740659,,,,,,,,,,,,,,,,,,,,,,,,,,,,,,,,,,,,,,,,,,,,,,,,,,,,,,,,,,Master only (1)
6753,NJ,19780331,1978,1,INDL,C,D,STD,3LIOC.,536257108,LIONEL CORP,USD,1978Q1,1978Q1,94.674004,73.205002,,,12.676,,25.469,8.868,.80199999,59696,I,,5945,.13389103,.49770308,008967721,10951697,LIONEL LEISURE INC,320500000,NY,5945,,,,0,.054602183,,,,,0,0,,,,0,,,,,,,,,,,,,,,.14040561,,0,,,.53354132,0,,,.27145085,,,0,,,,,,,,,,Matched (3)
6780,NY,19771031,1978,1,INDL,C,D,STD,LOH,540414109,LOEHMANN'S INC,USD,1977Q3,1978Q1,28.500999,10.646,,,0,,38,12.506,,,I,,5621,0,0,007874563,80520471,LOEHMANS INC,135400000,NY,5621,,,,,0,,0,,,,0,,,,0,,,,,0,0,,,,,,,0,,,,0,,,1,,,,0,,0,,,0,,0,,,,,,Matched (3)
6802,MD,19780430,1978,1,INDL,C,D,STD,LDG,543162101,LONGS DRUG STORES CORP,USD,1978Q1,1978Q1,147.67799,41.768002,,,0,,142.394,35.800999,0,764762,I,,5912,0,0,006910004,43662675,LONGS DRUG STORES INC,550000000,CA,5912,0,,,0,1,,,,,,,0,,,,,,,,,,,,,,,,,,,,,,,,,,,,,,,,,,,,,,,,Matched (3)
6829,NC,19780430,1978,1,INDL,C,D,STD,LOW,548661107,LOWE'S COS INC,USD,1978Q1,1978Q1,265.772,140.298,,,79.692001,,167.34,108.537,1.442,60667,A,,5211,.299851,.47622803,005167812,5167812,LOWES INC,15000000,IN,3299,,,,,,,,,,,,,,,0,1,,,,,,,0,,0,,,,,,,,,,,,,,,,,,0,,,,,,,,,Matched (3)
6834,CA,19780430,1978,1,INDL,C,D,STD,LKS,549577104,LUCKY STORES INC,USD,1978Q1,1978Q1,954.16101,664.06299,,,41.368,,1074.8409,174.761,5.6020002,1704899,I,Alameda,5411,.043355368,.038487554,,,,,,,,,,,,,,,,,,,,,,,,,,,,,,,,,,,,,,,,,,,,,,,,,,,,,,,,,,Master only (1)
6885,CA,19780131,1978,1,INDL,C,D,STD,MPO.,553393208,MPO VIDEOTRONICS INC,USD,1977Q4,1978Q1,9.1470003,4.5320001,,,2.8099999,,5.1810002,4.0650001,.063000001,68676,I,,5090,.30720454,.54236633,093667830,94011137,MPO MANUFACTURING CORPORATION*,0,CA,3861,,,,,,,,,,,,,,,,,,,,,,,,,,,,,,,,,,,,,,,,,,,,,,,,,,,,Matched (3)
6914,CT,19771231,1978,1,INDL,C,D,STD,MAK.1,554528307,MACKE CO,USD,1977Q4,1978Q1,89.019997,46.062,,,9.7700005,,52.771999,16.864,.41499999,61229,I,,5960,.10975062,.18513605,,,,,,,,,,,,,,,,,,,,,,,,,,,,,,,,,,,,,,,,,,,,,,,,,,,,,,,,,,Master only (1)
6915,NC,19780430,1978,1,INDL,C,D,STD,MKS.8,554719104,MACKS STORES,USD,1978Q1,1978Q1,18.325001,7.598,,,.105,,9.8170004,8.3570004,.068000004,,I,Lee,5331,.0057298774,.010695732,024796112,66326042,MACKS STORES INC,45000000,NC,5331,,,,,,,,,,,.0066666668,,,,,,,,,,,,,,,,,.99333334,,,,,,,,,,,,,0,,,,,0,,,,,,Matched (3)
6928,NY,19771031,1978,1,INDL,C,D,STD,4931C,556139939,MACY (R H) & CO,USD,1977Q3,1978Q1,978.71997,576.54602,,,71.627998,,437.13101,138.2,10.111,61300,I,,5311,.073185384,.16385935,006987135,93314581,MACY R H COMPANY INC,1863725952,NY,5712,,,,,0,,0,,,,0,,,,,,0,,,0,,,,,0,,,,,,,.000059021553,,,.99994099,0,,,0,,0,,,,,,,,,,,Matched (3)
6979,TN,19770930,1978,1,INDL,C,D,STD,MHI.2,561280108,MALONE & HYDE INC,USD,1977Q3,1978Q1,210.38901,120.175,,,37.294998,,296.138,65.163002,.81300002,61757,I,,5141,.17726687,.12593791,,,,,,,,,,,,,,,,,,,,,,,,,,,,,,,,,,,,,,,,,,,,,,,,,,,,,,,,,,Master only (1)
7068,MN,19780430,1978,1,INDL,C,D,STD,MF.,572342103,MARSHALL FIELD & CO,USD,1978Q1,1978Q1,423.28,186.87601,,,95.068001,,141.94099,125.38,.87900001,62758,I,,5311,.22459838,.66977125,006930051,62473079,MARSHALL FIELD & CO *,666000000,IL,5311,,,,,,,,,,,,,,,1,,,,,,,,,,,,,,,,,,,,0,0,,0,0,,,,,,,,,0,0,,,Matched (3)
7069,MN,19780630,1978,1,INDL,C,D,STD,MFI.2,344752100,FOOD FORMULA ONE INC,USD,1978Q2,1978Q1,24.112,13.259,,,6.349,,17.264,8.4610004,.199,,I,Lyon,5140,.26331288,.3677595,,,,,,,,,,,,,,,,,,,,,,,,,,,,,,,,,,,,,,,,,,,,,,,,,,,,,,,,,,Master only (1)
7070,CA,19780831,1978,1,INDL,C,D,STD,MI.6,572393106,MARSHALL INDUSTRIES,USD,1978Q3,1978Q1,24.325001,14.375,,,8.0869999,,14.433,15.461,,62765,I,,5065,.33245632,.56031317,008256323,53998795,MARSHALL INDUSTRIES INC,59100000,CA,5084,,,,0,1,,0,,,0,,,,,0,,,,,0,,,,0,,,,,,,,0,,,0,0,,,0,,,,,0,,,,0,,,,Matched (3)
7090,AR,19780331,1978,1,INDL,C,D,STD,MMS.2,575418108,MASS MERCHANDISERS INC,USD,1978Q1,1978Q1,61.820999,39.084,,,13.373,,32.035,15.667,.294,63053,I,Boone,5122,.21631809,.41744965,,,,,,,,,,,,,,,,,,,,,,,,,,,,,,,,,,,,,,,,,,,,,,,,,,,,,,,,,,Master only (1)
7105,NY,19780430,1978,1,INDL,C,D,STD,MSR.2,576412100,MASTERS INC,USD,1978Q1,1978Q1,40.333,24.712,,,2.2460001,,15.089,12.322,.163,63171,I,,5600,.055686411,.14885016,049209497,63860746,MASTERS INC,80100000,NY,5621,,,,,,,0,,,,,,,,,,,,,0,,,,,,,,,,,,,,,1,,,,0,,,,,0,,0,,,,,,Matched (3)
7127,MO,19780430,1978,1,INDL,C,D,STD,MAY.2,577778103,MAY DEPARTMENT STORES CO,USD,1978Q1,1978Q1,1619.194,992.16998,,,450.23001,,493.371,487.16101,10.197,63416,I,,5311,.27805808,.91255867,60559564,60559564,MAY DEPARTMENT STORES CO *,0,MO,5311,,,,,,,,,,,,,,,,,,,,,,,,,,,,,,,,,,,,,,,,,,,,,,,,,,,,Matched (3)
7154,IL,19780331,1978,1,INDL,C,D,STD,MCD,580135101,MCDONALD'S CORP,USD,1978Q1,1978Q1,1689.995,1017.832,,,42.487999,,353.78699,-3.2939999,16.504,63908,A,,5812,.025140902,.12009486,,,,,,,,,,,,,,,,,,,,,,,,,,,,,,,,,,,,,,,,,,,,,,,,,,,,,,,,,,Master only (1)
7171,TX,19780630,1978,1,INDL,C,D,STD,MCK,58155Q103,MCKESSON CORP,USD,1978Q2,1978Q1,1056.254,703.65698,,,284.32501,,789.685,222.04201,5.2519999,927653,A,,5122,.26918241,.36004862,77879203,77879203,FOREMOST & MC KESSON INC,0,OH,0,,,,,,,,,,,,,,,,,,,,,,,,,,,,,,,,,,,,,,,,,,,,,,,,,,,,Matched (3)
7190,NY,19780331,1978,1,INDL,C,D,STD,MGX.1,584025100,MEDALLION GROUP INC,USD,1978Q1,1978Q1,43.310001,36.089001,,,8.7299995,,15.923,7,.56599998,64494,I,,5047,.20157008,.54826349,,,,,,,,,,,,,,,,,,,,,,,,,,,,,,,,,,,,,,,,,,,,,,,,,,,,,,,,,,Master only (1)
7195,PA,19780630,1978,1,INDL,C,D,STD,MEO,584057301,MEDCO JEWELRY CORP,USD,1978Q2,1978Q1,19.955999,16.136,,,2.3340001,,8.908,3.868,.264,,I,,5944,.11695731,.26201168,006966006,30643191,MEDCO JEWELRY CORP,48000000,KS,5944,,,,,,0,,,,,,,,,,,1,,,,0,,,,,,,,,,,,,,0,,0,,,,,,,0,,,,,,,,Matched (3)
7254,OH,19780430,1978,1,INDL,C,D,STD,MST.,587533100,MERCANTILE STORES CO INC,USD,1978Q1,1978Q1,469.47,218.243,,,79.503998,,174.496,160.408,1.318,64923,I,,5311,.16934842,.45562077,006918999,6918999,MERCANTILE STORES CO INC DEL,973400000,DE,5311,,.012327923,,,,0,,,.81056094,0,.0041093077,,,,0,.010941031,0,.053420998,,,,,,0,.051366344,0,.00744812,,.0051366347,,,0,,,0,.035956442,,,.0071912883,,.0015409903,,0,,,,,0,,,,Matched (3)
7407,NJ,19780430,1978,1,INDL,C,D,STD,MLW.1,600633101,MILLER-WOHL CO,USD,1978Q1,1978Q1,63.383999,26.781,,,2.9130001,,33.426998,23.327999,0,,I,Hudson,5621,.045957971,.08714512,006987747,6987747,MILLER-WOHL COMPANY INC THE,127000000,NJ,5621,,,,,,,,,,0,,,0,,0,0,,,0,,,,0,,0,,0,,0,,,1,,,0,0,,,,,,0,0,0,,,,,0,,,Matched (3)
7485,MN,19780430,1978,1,INDL,C,D,STD,MOM.1,607662103,MODERN MERCHANDISING,USD,1978Q1,1978Q1,232.57001,165.45399,,,10.25,,95.232002,65.795998,1.867,,I,Hennepin,5399,.044072751,.10763189,,,,,,,,,,,,,,,,,,,,,,,,,,,,,,,,,,,,,,,,,,,,,,,,,,,,,,,,,,Master only (1)
7566,TN,19780831,1978,1,INDL,C,D,STD,RT,781182100,RUBY TUESDAY INC,USD,1978Q3,1978Q1,110.277,47.970001,,,7.9780002,,61.852001,7.954,.48899999,68270,I,,5812,.072345093,.12898532,058662297,78588811,RUBY TUESDAY INC,4000000,TN,5812,,,,,,,,,,,,,,,,,,,,,,,,,,,,,,,,,,,,,,,,,,,1,,,,,,,,,Matched (3)
7570,MA,19780331,1978,1,INDL,C,D,STD,5184C,606865939,MOACQ HOLDINGS CP  -CL A,USD,1978Q1,1978Q1,122.412,50.324001,,,23.107,,66.806,69.378998,.37,830377,I,,5661,.18876417,.34588212,006952766,51791382,MORSE SHOE INC,306750016,MA,5661,,,,,,,,,0,0,0,,,,0,,,0,,.99103498,0,.0089649549,,,,,,,,,0,0,,,0,,,,0,,,,,0,,0,,,,,,Matched (3)
7573,MA,19770930,1978,1,INDL,C,D,STD,3MOTCE,619170103,MORTON COS INC,USD,1977Q3,1978Q1,47.539001,28.483999,,,12.394,,23.570999,18.858,.31799999,,I,Suffolk,5661,.26071227,.52581561,,,,,,,,,,,,,,,,,,,,,,,,,,,,,,,,,,,,,,,,,,,,,,,,,,,,,,,,,,Master only (1)
7616,GA,19780331,1978,1,INDL,C,D,STD,MFD.,626144109,MUNFORD INC,USD,1978Q1,1978Q1,151.151,117.973,,,6.948,,57.917,9.1379995,1.601,68864,I,,5412,.045967277,.11996478,003297256,66457342,MUNFORD INC,404000000,GA,5411,,0,0,,,,,,0,0,1,,,,,0,,0,0,,,,0,,0,0,,0,,,,0,,,,0,0,,0,,0,,0,0,,0,,,,,,Matched (3)
7618,PA,19780430,1978,1,INDL,C,D,STD,MPH.2,626643100,MURPHY (G.C.) CO,USD,1978Q1,1978Q1,301.42801,177.082,,,6.0580001,,144.537,92.789001,1.795,,I,Allegheny,5331,.020097669,.041913144,007912371,71191357,MURPHY G C CO*,664000000,PA,5331,,0,0,,,,,0,,0,,,,,0,0,,0,0,,0,,0,0,,0,,0,,,,0,,,0,0,,,1,,0,,0,0,,0,,,0,0,,Matched (3)
7651,,19780331,1978,1,INDL,C,D,STD,NSL.1,628904104,NSI INC,USD,1978Q1,1978Q1,20.971001,10.484,,,5.5219998,,7.6290002,10.106,.18799999,70553,I,,5099,.26331601,.72381699,,,,,,,,,,,,,,,,,,,,,,,,,,,,,,,,,,,,,,,,,,,,,,,,,,,,,,,,,,Master only (1)
7720,TX,19770930,1978,1,INDL,C,D,STD,NCS.1,635570500,NATIONAL CONVENIENCE STORES,USD,1977Q3,1978Q1,64.970001,46.084999,,,3.0580001,,66.628998,4.869,.70499998,314662,I,,5412,.047067877,.04589593,026630269,27062181,NATIONAL CONVENIENCE STORES*,263000000,TX,5411,,,,0,0,0,,,,0,0,,,,,,,,0,,,,,,,0,,,,,,,,0,,,0,,,,,,0,1,,,,,,,,Matched (3)
7754,PA,19770930,1978,1,INDL,C,D,STD,NMS.,636905101,NATIONAL MINE SERVICE CO,USD,1977Q3,1978Q1,85.253998,30.485001,,,21.389,,27.216999,47.631001,.271,70337,I,,5063,.25088558,.78586912,004397923,4505806,NATIONAL MINE SERVICE COMPANY*,110000000,PA,5082,,0,,,,0,,,,,,,,,0,,,0,,,,,,,,,,,,,,,,,,,,,1,,,,,,0,,,,,0,0,Matched (3)
7758,CA,19780630,1978,1,INDL,C,D,STD,HSTG,43644Q104,E4L INC,USD,1978Q2,1978Q1,16.489,8.1210003,,,3.0109999,,5.5570002,5.415,.183,70412,I,,5961,.18260659,.54183912,059866962,59866962,NATIONAL MEDIA INC,0,CA,7311,,,,,,,,,,,,,,,,,,,,,,,,,,,,,,,,,,,,,,,,,,,,,,,,,,,,Matched (3)
7780,IL,19780331,1978,1,INDL,C,D,STD,NTY.1,638097105,NATIONAL TEA CO,USD,1978Q1,1978Q1,171.53,118.787,,,4.0910001,,203.00301,17.73,1.068,70610,I,Cook,5411,.023850055,.020152412,201782513,59488999,NATIONAL TEA CO*,916000000,IL,5411,,0,,,0,0,,,,0,,,0,,.91157204,0,,,0,,,.030567685,0,0,0,0,,,0,0,,0,,,0,0,,0,,,,0,,0,,.054585151,,.0032751092,0,,,Matched (3)
7853,PA,19780331,1978,1,INDL,C,D,STD,BL.1,092828102,BLAIR CORP,USD,1978Q1,1978Q1,56.555,12.589,,,13.886,,50.534,32.798,,71525,I,,5961,.2455309,.27478528,007917560,83971614,NEW PROCESS CENTER,193000000,PA,5399,,,,,,,,,,,,,,,,,,,,,,,,,,,,,,,,,,,,,,,1,,,,,,,,,,,,,Matched (3)
7891,NY,19770930,1978,1,INDL,C,D,STD,NFS.1,653471102,NIAGARA FRONTIER SERVICES,USD,1977Q3,1978Q1,65.862,31.485001,,,6.809,,95.188004,10.91,.294,,I,Erie,5411,.10338283,.071532123,006976773,80759087,NIAGARA FRONTIER SERVICES INC,680800000,NY,5411,,,,,,,,,,,,,,,,,,,,,,,,,,,,,,,,,,,1,,,,,,,,,,,,,,,,,Matched (3)
7918,CA,19780331,1978,1,INDL,C,D,STD,NLX.1,655312106,NOLEX CORP,USD,1978Q1,1978Q1,14.424,8.4429998,,,6.2379999,,12.14,4.809,.138,72247,I,,5110,.43247366,.51383853,009591603,83587246,NOLEX CORPORATION,47400000,CA,5111,,,,,.90506327,,,,,,.094936706,,,,,,,,,,,,,,,,,,,,,,,,,,,,,,,,,,,,,,,,,Matched (3)
7922,WA,19780430,1978,1,INDL,C,D,STD,JWN,655664100,NORDSTROM INC,USD,1978Q1,1978Q1,146.032,77.067001,,,44.07,,53.813999,50.977001,.87800002,72333,A,,5651,.30178317,.81893188,007942915,27588029,NORDSTROM BEST INC,249000000,WA,5661,0,,,0,0,,,,,,,,,,,,,,,,,,,,,,,,,,,,,,,,,0,,,,,,,,,,1,,,,Matched (3)
7954,NY,19780331,1978,1,INDL,C,D,STD,NCD.,658136106,NORTH CANADIAN OILS LTD,USD,1978Q1,1978Q1,62.644001,29.174999,,,2.7030001,,4.7820001,.29800001,.30500001,72589,I,New York,5172,.043148585,.56524467,,,,,,,,,,,,,,,,,,,,,,,,,,,,,,,,,,,,,,,,,,,,,,,,,,,,,,,,,,Master only (1)
7967,PA,19780331,1978,1,INDL,C,D,STD,3ENSO,29409K606,ENVIROSOURCE INC,USD,1978Q1,1978Q1,615.03601,405.87299,,,106.451,,281.582,209.347,5.2199998,106752,I,Montgomery,5093,.17308092,.37804618,,,,,,,,,,,,,,,,,,,,,,,,,,,,,,,,,,,,,,,,,,,,,,,,,,,,,,,,,,Master only (1)
8263,AZ,19780331,1978,1,INDL,C,D,STD,PGAM,694291105,PACIFIC GAMBLE ROBINSON CO,USD,1978Q1,1978Q1,98.166,51.230999,,,21.896999,,136.427,29.756001,.49000001,75486,I,,5140,.22306094,.16050342,,,,,,,,,,,,,,,,,,,,,,,,,,,,,,,,,,,,,,,,,,,,,,,,,,,,,,,,,,Master only (1)
8306,NE,19780430,1978,1,INDL,C,D,STD,PAM.1,697643104,PAMIDA INC,USD,1978Q1,1978Q1,140.711,77.438004,,,1.528,,63.738998,63.018002,.94599998,,I,Douglas,5331,.010859136,.023972765,004869475,34984419,PAMIDA INC,291804992,NE,5399,,,,,,,,,,,,,0,0,.021418413,,.0027415568,,,,,,0,.015421257,.011840099,,0,,.011994312,.93658441,,,,,,,,,,,,0,,,,,,,0,,0,Matched (3)
8343,MD,19780331,1978,1,INDL,C,D,STD,PAG.3,699466108,PARGAS INC,USD,1978Q1,1978Q1,126.889,64.833,,,18.382,,51.893002,18.195999,.88200003,76235,I,Charles,5900,.14486678,.35422888,006951248,30344857,PARGAS OF BEL AIR INC,159750000,MD,5984,,0,,,0,,,,,0,0,,,,0,,,0,0,,.99655712,,,,,0,,0,,,,0,,0,0,,,0,.0034428795,,0,,0,0,,0,,0,,0,,Matched (3)
8376,NY,19780228,1978,1,INDL,C,D,STD,PI.4,702860107,PAT FASHIONS INDUSTRIES,USD,1978Q1,1978Q1,18.306999,4.086,,,6.8509998,,8.7150002,12.937,,76539,I,New York,5130,.37422845,.78611588,003933108,3933108,PAT FASHIONS INDUSTRIES INC,110152000,NY,2331,,,,,,,,,,,,,,,,,,,,,,,,,,,,,,,,0,,,.99296427,,,,.0070357323,,,,,,,,,,,,,Matched (3)
8398,OR,19780430,1978,1,INDL,C,D,STD,PAY.2,704301100,PAY LESS DRUG STORES NW,USD,1978Q1,1978Q1,111.587,61.844002,,,2.3440001,,70.57,39.456001,.58399999,1138375,I,,5912,.021006031,.033215247,008958431,83362012,PAY LESS DRUG STORES INC,16000000,WA,4225,,,,,,,,,,,,,,,,,,,,,,,,,,,,,,,,,,,,,,,,,,,,,,,,1,,,,Matched (3)
8400,WA,19780430,1978,1,INDL,C,D,STD,PAYN.,704318104,PAY'N SAVE CORP,USD,1978Q1,1978Q1,236.931,141.41901,,,5.1799998,,128.10899,64.184998,2.375,76733,I,,5912,.021862905,.040434316,007943079,46216255,PAY N SAVE CORPORATION,703600000,WA,5251,0,,,,0,,,,,,,0,,0,,,,,,,,,,,,,,,,,,,,0,,,,.13899943,,,,,,,0,,,.8610006,,,0,Matched (3)
8439,NY,19780430,1978,1,INDL,C,D,STD,PTFCQ,707832309,PENN TRAFFIC CO,USD,1978Q1,1978Q1,69.161003,32.188999,,,5.6009998,,75.480003,16.145,.317,77155,I,,5411,.08098495,.074205086,007911902,94234796,PENN TRAFFIC CO,244000000,PA,5411,,,,,,,,,,,,,,,,,,,,,,,,,,,,,,,,,,,,0,,,1,,,,,,,,,,,,,Matched (3)
8446,TX,19780430,1978,1,INDL,C,D,STD,CPPRQ,679535104,OLD COPPER CO INC,USD,1978Q1,1978Q1,4342,2200,,,360,,2175,1053,39,1166126,A,,5311,.082911104,.16551724,,,,,,,,,,,,,,,,,,,,,,,,,,,,,,,,,,,,,,,,,,,,,,,,,,,,,,,,,,Master only (1)
8475,PA,19780430,1978,1,INDL,C,D,STD,PBY.1,713278109,PEP BOYS-MANNY MOE & JACK,USD,1978Q1,1978Q1,63.597,24.181,,,3.641,,35.062,14.44,.090000004,77449,I,,5531,.057251129,.10384462,007914401,70590849,PEP BOYS MANNY MOE & JACK*,218000000,PA,5531,,,,,.38990825,,,0,,,,,,,,,,,,,0,,,,,,,0,,,,,,,,,,,.61009175,,,,,,,0,,,,,,Matched (3)
8496,MI,19780131,1978,1,INDL,C,D,STD,PDS.,714611100,PERRY DRUG STORES,USD,1977Q4,1978Q1,20.618999,11.293,,,.54400003,,23.370001,7.7529998,.086000003,77628,I,,5912,.026383433,.023277706,061873311,20265179,PERRY DRUG STORES INC,69700000,MI,5912,,,,,,,,,,,,,,,,,,,,,,,1,,,,,,,,,,,,,,,,,,,,,,,,,,,,,Matched (3)
8504,NJ,19780430,1978,1,INDL,C,D,STD,3PSTLS,716437108,PETRIE STORES LIQUIDATION TR,USD,1978Q1,1978Q1,185.655,27.065001,,,1.198,,85.107002,138.334,0,77808,I,,5621,.0064528291,.014076398,006932164,6932164,PETRIE STORES CORPORATION,393289984,NJ,5621,,,,,.00020341224,0,0,,,.0008899286,,,0,,.0014238857,,,,.0012713266,0,0,,.0050853062,0,,,,0,,,,.99112618,,,0,0,0,,0,,,,,0,,0,,,,,,Matched (3)
8510,CA,19771231,1978,1,INDL,C,D,STD,PTO.1,716544101,PETROLANE INC,USD,1977Q4,1978Q1,499.37601,285.09601,,,86.987999,,236.98399,56.584999,2.9549999,77866,I,Los Angeles,5900,.1741934,.36706275,,,,,,,,,,,,,,,,,,,,,,,,,,,,,,,,,,,,,,,,,,,,,,,,,,,,,,,,,,Master only (1)
8569,NC,19770930,1978,1,INDL,C,D,STD,PNP.1,719520108,PIC'N PAY STORES,USD,1977Q3,1978Q1,31.662001,11.306,,,0,,13.854,11.897,,,I,,5661,0,0,024484057,86870292,PIC N PAY STORES INC,72255000,NC,5651,,.0048439554,,,,,,,,,.0013839873,,,,,,,,,,,,,,,,,.98955089,,,,,,,,0,,,,,.0024219777,,.00041519618,,,.0013839873,,,,,,Matched (3)
8580,TX,19780630,1978,1,INDL,C,D,STD,PIR.2,720280106,PIER 1 IMPORTS INC,USD,1978Q2,1978Q1,49.412998,19.858999,,,.59399998,,29.096001,23.834,.31,,I,Tarrant,5700,.012021128,.020415178,026451005,20798286,PIER 1 IMPORTS OF TEXAS INC,167124000,TX,5947,,.0017950743,.0020942534,,.019596228,.0041885069,.0065819393,,,.0089753717,.0044876859,,0,,.011667983,.0035303128,.0059835808,0,.021241713,0,.0077786553,,.016903616,.016155669,.0038893276,0,,0,,0,,.0013463057,0,0,.0017950743,.035901487,.0014958952,0,.0020942534,.0014958952,.0011967162,,.00059835811,.80708933,.0025430219,0,,.00059835811,.0089753717,,,Matched (3)
8622,TX,19780331,1978,1,INDL,C,D,STD,PANQE1,725847008,PIZZA INN INC,USD,1978Q1,1978Q1,55.319,41.591999,,,3.1010001,,22.687,.382,1.13,78916,I,Dallas,5812,.056056689,.13668621,026285296,71676688,PIZZA INN INC THE,75150000,TX,5812,,0,0,0,,,,,,0,0,,,,,,,0,,,,,,,0,0,,0,,,,,,,,0,,0,,,,,0,1,,,,,,,,Matched (3)
8650,MA,19780228,1978,1,INDL,C,D,STD,PNC.4,730196102,PNEUMO CORP,USD,1978Q1,1978Q1,157.03999,93.372002,,,20.299999,,142.58501,42.146999,.82300001,79263,I,Suffolk,5411,.12926643,.14237122,004202370,48975056,PNEUMO CORPORATION,1102000000,MA,3452,,,,,0,,0,0,,,0,,,,.0081669688,,,,,.51814884,,,0,0,0,,,0,,,0,,,,.40108892,.072595283,,,,,0,,,0,,,0,0,,,,Matched (3)
8674,SC,19780531,1978,1,INDL,C,D,STD,4986C,732436100,PONDEROSA INC,USD,1978Q2,1978Q1,148.22501,100.286,,,1.386,,58.363998,.090999998,1.72,79467,I,,5812,.0093506491,.023747515,,,,,,,,,,,,,,,,,,,,,,,,,,,,,,,,,,,,,,,,,,,,,,,,,,,,,,,,,,Master only (1)
8726,OH,19780831,1978,1,INDL,C,D,STD,PRE.5,740512306,PREMIER INDUSTRIAL CP,USD,1978Q3,1978Q1,106.425,28.641001,,,39.304001,,60.799999,49.834999,.211,80051,I,,5065,.36931172,.64644736,004177325,45711975,PREMIER INDUSTRIAL CORPORATION,210000000,OH,3429,,,,,0,0,,,,0,0,,0,,0,0,0,,0,0,0,,0,0,0,,,,,0,,0,,,0,1,0,0,0,,,,,0,0,0,,0,0,,,Matched (3)
8814,PR,19780430,1978,1,INDL,C,D,STD,5582C,744897109,PUEBLO INTERNATIONAL INC,USD,1978Q1,1978Q1,73.885002,45.658001,,,4.368,,71.970001,7.756,.73400003,,I,Carolina,5411,.0591189,.060691956,051551216,51551216,PUEBLO INTERNATIONAL INC,335000000,NY,5411,,,,,,,,,,,,,,,,,,,,,,,,,,,,,,,,,,,1,,,,,,,,,,,,,,,,,Matched (3)
8888,IL,19770930,1978,1,INDL,C,D,STD,6038C,749258109,R B INDUSTRIES INC,USD,1977Q3,1978Q1,36.259998,27.511,,,7.368,,15.942,7.948,.48699999,82276,I,,5712,.20319912,.4621754,,,,,,,,,,,,,,,,,,,,,,,,,,,,,,,,,,,,,,,,,,,,,,,,,,,,,,,,,,Master only (1)
8903,MD,19770930,1978,1,INDL,C,D,STD,2924B,749706107,RPS PRODUCTS INC,USD,1977Q3,1978Q1,16.007,11.689,,,3.1099999,,9.448,2.983,.17900001,85599,I,,5013,.19429,.3291702,,,,,,,,,,,,,,,,,,,,,,,,,,,,,,,,,,,,,,,,,,,,,,,,,,,,,,,,,,Master only (1)
8926,NC,19780731,1978,1,INDL,C,D,STD,BRD.3,750626103,RAGAN (BRAD) INC,USD,1978Q2,1978Q1,73.547997,37.754002,,,24.336,,38.389,25.124001,.317,81764,I,,5531,.33088595,.63393158,051330660,24514317,RAGAN BRAD INC,285920000,NC,5531,0,0,0,0,0,0,,,,0,.0020984891,,0,,0,0,0,0,,0,,,.02105484,0,,,0,.91039449,,,,0,,,,0,,,.066452153,,0,0,0,0,0,0,,,0,0,0,Matched (3)
8950,NY,19780430,1978,1,INDL,C,D,STD,2868A,579867003,MCCRORY PARENT CORP,USD,1978Q1,1978Q1,1573.682,1363.265,,,211.076,,527.76501,435.42001,26.143999,55211,I,New York,5331,.13412875,.39994314,,,,,,,,,,,,,,,,,,,,,,,,,,,,,,,,,,,,,,,,,,,,,,,,,,,,,,,,,,Master only (1)
9077,CO,19780331,1978,1,INDL,C,D,STD,RVO,761066109,RESERVE OIL & GAS CO,USD,1978Q1,1978Q1,457.44601,263.173,,,122.632,,359.254,79.815002,2.131,83343,I,,5171,.26807973,.34135181,047140751,83206185,RESERVE OIL & MINERAL CORP,20000000,NM,1094,,,,,,,,,,,,,,,,,,,,,,,,,,,,,,,,,1,,,,,,,,,,,,,,,0,,,,Matched (3)
9089,NY,19780331,1978,1,INDL,C,D,STD,5957B,761252105,RESTAURANT ASSOCIATES  -CL B,USD,1978Q1,1978Q1,26.875,20.733,,,2.566,,18.243999,.063000001,.27700001,83440,I,,5812,.095479071,.14064898,006989552,30279939,RESTAURANT ASSOCIATES INC,78445000,NY,5812,,,,,,,0,,,0,0,,,,0,,,,,0,,0,0,,,,,,,,,.00095608388,,,.99904394,,,,,,,,,,,,,,,,,Matched (3)
9132,NY,19780731,1978,1,INDL,C,D,STD,RHT.1,765516109,RICHTON INTERNATIONAL CORP,USD,1978Q2,1978Q1,55.773998,27.195,,,13.989,,17.298,22.302999,.36500001,83877,I,,5080,.25081578,.80870622,049160161,63640742,RICHTON HEADWARE CO INC,81200000,NY,2253,,,,,0,0,,,,,,,,,,,,,,,,,,,,,,,,,,,,,1,,,,,0,,,,0,,,,,,,,Matched (3)
9147,ON,19780331,1978,1,INDL,C,D,STD,ROM.2,766889109,RIO ALGOM LTD,USD,1978Q1,1978Q1,610.68201,265.75201,,,67.352997,,118.225,211.287,3.03,316792,I,,5051,.11029144,.56970185,,,,,,,,,,,,,,,,,,,,,,,,,,,,,,,,,,,,,,,,,,,,,,,,,,,,,,,,,,Master only (1)
9155,PA,19780531,1978,1,INDL,C,D,STD,RAD,767754872,RITE AID CORP,USD,1978Q2,1978Q1,190.33299,71.477997,,,13.471,,146.923,62.819,.61000001,84129,A,,5912,.070775956,.091687486,014578892,72832355,RITE AID OF PENNSYLVANIA INC,693174976,PA,5912,,,,,,,0,,.00068525266,,,,,,,,,,,0,0,,,,,,,.0028852744,,,,.002207235,,,.0068813795,.00036065929,,,.97695392,,,,,,,.0010819779,,,,.0089443503,,Matched (3)
9201,PA,19780331,1978,1,INDL,C,D,STD,ROCB,773794102,ROCKOWER BROTHERS INC,USD,1978Q1,1978Q1,40.893002,12.918,,,3.934,,20.993999,25.715,.011,84621,I,,5600,.096202284,.18738687,,,,,,,,,,,,,,,,,,,,,,,,,,,,,,,,,,,,,,,,,,,,,,,,,,,,,,,,,,Master only (1)
9229,IL,19770930,1978,1,INDL,C,D,STD,RTI.2,776296105,RONCO TELEPRODUCTS INC,USD,1977Q3,1978Q1,13.481,8.3940001,,,.676,,1.5779999,5.7740002,.021,84908,I,,5099,.050144646,.42839035,049016652,49016652,RONCO TELEPRODUCTS INC,29200000,IL,5023,,,,0,,,,,,,,,,,1,,,,,,,,,,,,,,,,,,,,,,,,,,,,,,,,,,,,,Matched (3)
9284,NC,19771231,1978,1,INDL,C,D,STD,HTSI,414585109,HARRIS TEETER SUPERMARKETS,USD,1977Q4,1978Q1,114.003,69.734001,,,20.822001,,89.528,37.075001,,85704,I,,5411,.18264432,.23257528,,,,,,,,,,,,,,,,,,,,,,,,,,,,,,,,,,,,,,,,,,,,,,,,,,,,,,,,,,Master only (1)
9292,OH,19780430,1978,1,INDL,C,D,STD,RBW.1,749252102,R B & W CORP,USD,1978Q1,1978Q1,71.402,64.379997,,,16.562,,35.011002,26.469999,1.196,61927,I,,5072,.23195429,.47305134,,,,,,,,,,,,,,,,,,,,,,,,,,,,,,,,,,,,,,,,,,,,,,,,,,,,,,,,,,Master only (1)
9359,CA,19780331,1978,1,INDL,C,D,STD,SWY,786514208,SAFEWAY INC,USD,1978Q1,1978Q1,2599.7429,1740.1219,,,44.686001,,2815.033,173.82899,15.764,86144,I,,5411,.017188622,.01587406,009137209,71861470,SAFEWAY STORES INC,11200000000,CA,7399,0,,0,0,1,0,,0,,0,,0,0,0,,,0,,0,,0,,,0,0,,0,,,0,,,0,,,,0,0,0,,,,0,0,0,0,,0,0,,0,Matched (3)
9361,CA,19770930,1978,1,INDL,C,D,STD,SGA.1,786599100,SAGA CORP,USD,1977Q3,1978Q1,105.282,54.16,,,26.75,,109.618,3.961,.34200001,86158,I,,5812,.25407952,.24402927,002544518,71904353,SAGA FOOD SERVICE INC,557800000,CA,5812,0,0,0,0,1,0,0,,0,0,0,0,0,,0,0,0,0,0,0,0,0,0,0,0,,0,0,,0,,0,0,0,0,0,0,0,0,,0,,0,0,,,0,0,0,0,,Matched (3)
9388,CA,19780331,1978,1,INDL,C,D,STD,QSRI.,795872100,SAMBO'S RESTAURANTS,USD,1978Q1,1978Q1,398.69501,283.008,,,10.727,,125.291,24.132,5.4109998,,I,,5812,.026905278,.085616685,050106855,75327155,SAMBOS RESTAURANTS INC,491000000,CA,5812,,0,0,0,1,0,,,,0,0,,0,,0,0,0,0,0,0,0,,0,0,0,0,0,0,0,0,,0,,0,0,0,0,0,0,,,0,0,0,,0,,0,0,,,Matched (3)
9416,IL,19780331,1978,1,INDL,C,D,STD,SWS.1,803701101,SARGENT-WELCH SCIENTIFIC,USD,1978Q1,1978Q1,50.112999,10.202,,,12.007,,16.43,31.950001,,,I,,5040,.23959851,.73079735,005071527,92420892,SARGENT-WELCH SCIENTIFIC CO,73900000,IL,3433,,,,,0,0,,,,,,,,,1,,0,,,,,,0,,,,,,,,,0,,,,0,,,,,,,,0,,,,,0,,,Matched (3)
9429,SC,19771130,1978,1,INDL,C,D,STD,SVS,804600104,SAV-A-STOP INC,USD,1977Q4,1978Q1,72.400002,41.077,,,15.692,,50.162998,30.152,.37799999,,I,,5122,.21674033,.3128202,006921837,83810051,SAV-A-STOP INCORPORATED,207000000,FL,5399,,0,,,,,,,,1,0,,,,,,,,,,,,,,,0,,0,,,,,,,,,0,,,,0,,0,0,,0,,,,,,Matched (3)
9430,CA,19780331,1978,1,INDL,C,D,STD,SVN.3,804617108,SAV-ON-DRUGS INC,USD,1978Q1,1978Q1,110.529,47.518002,,,0,,98.724998,34.403999,.23899999,,I,,5912,0,0,006908701,84343441,SAV-ON DRUGS INC,369000000,CA,5912,,,,,1,,,,,,,,,,,,,,,,,,,,,,,,,,,,,,,,,,,,,,,0,,,,,,,,Matched (3)
9434,CT,19780731,1978,1,INDL,C,D,STD,3SVINV,805176708,SAVIN CORP,USD,1978Q2,1978Q1,137.108,76.463997,,,59.091,,68.352997,35.099998,.84399998,276894,I,,5040,.43098143,.86449754,,,,,,,,,,,,,,,,,,,,,,,,,,,,,,,,,,,,,,,,,,,,,,,,,,,,,,,,,,Master only (1)
9502,OH,19780430,1978,1,INDL,C,D,STD,SOA.1,809123102,SCOA INDUSTRIES INC,USD,1978Q1,1978Q1,212.55901,150.437,,,12.154,,141.23399,69.931,1.5930001,,I,Franklin,5331,.057179417,.086055763,,,,,,,,,,,,,,,,,,,,,,,,,,,,,,,,,,,,,,,,,,,,,,,,,,,,,,,,,,Master only (1)
9522,FL,19770930,1978,1,INDL,C,D,STD,SHB,810623108,SCOTTY'S INC,USD,1977Q3,1978Q1,53.512001,22.712999,,,6.7449999,,34.099998,14.411,.155,88005,I,,5211,.12604649,.19780059,044995967,89661342,SCOTTYS HOME BUILDERS SUPPLY*,155000000,FL,5211,,,,,,,,,,1,,,,,,,,,,,,,,,,,,,,,,,,,,,,,,,,,,,,,,,,,,Matched (3)
9558,CA,19780331,1978,1,INDL,C,D,STD,3SEOP,812205102,SEAPORT CORP,USD,1978Q1,1978Q1,13.57,7.4640002,,,3.964,,5.5149999,1.855,.101,88217,I,Sacramento,5013,.29211497,.71876699,44312023,44312023,SEAPORT CORPORATION,20600000,CA,5013,,,,,1,,,,,,,,,,,,,,,,,,,,,,,,,,,,,,,,,,,,,,,,,,,,,,,Matched (3)
9567,OH,19771231,1978,1,INDL,C,D,STD,SEWY,812744100,SEAWAY FOOD TOWN INC,USD,1977Q4,1978Q1,54.806,35.103001,,,5.3629999,,67.068001,11.206,.37099999,88296,I,,5411,.097854249,.079963617,,,,,,,,,,,,,,,,,,,,,,,,,,,,,,,,,,,,,,,,,,,,,,,,,,,,,,,,,,Master only (1)
9618,NY,19770930,1978,1,INDL,C,D,STD,SVM.1,817715105,SERVOMATION CORP,USD,1977Q3,1978Q1,170.56,75.278999,,,9.7080002,,108.285,26.813,.70499998,89135,I,New York,5960,.056918386,.089652307,006991699,67918581,SERVOMATION CORP,495315008,NY,5812,0,0,0,,0,0,.16151337,0,,0,0,,,,0,0,,.00083785068,,0,0,0,0,0,.0040378342,0,,0,,0,0,0,0,,.82775605,0,0,0,0,,.0020189171,,.0028264842,.0010094586,,0,0,0,0,0,,Matched (3)
9680,NY,19780331,1978,1,INDL,C,D,STD,SH.2,825101108,SHOPWELL INC,USD,1978Q1,1978Q1,50.542,32.900002,,,1.982,,63.251999,10.414,.37099999,89926,I,,5411,.039214909,.031334978,006978514,72755754,SHOPWELL INC,278000000,NY,5411,,,,,,,,,,,,,,,,,,,,,,,,,,,,,,,,,,,1,,,,,,,,,,,,,,,,,Matched (3)
9712,TX,19770930,1978,1,INDL,C,D,STD,SGMOA,826900102,SIGMOR CORP  -CL A,USD,1977Q3,1978Q1,147.263,73.671997,,,17.893999,,116.034,16.728001,.62300003,,I,,5500,.1215105,.15421341,004161808,92621234,DIAMOND SHAMROCK CORPORATION,1566700032,OH,7391,,0,0,,0,,0,,0,0,0,,,,0,0,0,0,,,.01340397,,,,.0014042254,,,0,,,,0,,,.0022339949,.97657496,,,0,,,,,.006382843,,,,,,0,0,Matched (3)
9722,PA,19771031,1978,1,INDL,C,D,STD,SIL.5,827113101,SILO INC,USD,1977Q3,1978Q1,34.063,22.628,,,2.1440001,,22.099001,13.209,,90294,I,,5700,.062942192,.097017966,007914898,73615643,SILO OF PENNSYLVANIA INC,110100000,PA,5722,,,,.02270663,.045413259,.18165304,,,,,,,,,,,,,,,,,,,,,,,,,,0,,,,,,,.75022709,,,,,,,,,,,,,Matched (3)
9731,NJ,19771031,1978,1,INDL,C,D,STD,SSM.3,828607101,SIMCO STORES,USD,1977Q3,1978Q1,6.6810002,1.119,,,0,,2.1229999,3.904,,,I,,5661,0,0,012246914,66949447,SIMCO STORES INC,8300000,NY,5661,,,,,,,,,,,,,,,,,,,,,,,,,,,,,,,,,,,1,,,,,,,,,,,,,,,,,Matched (3)
9770,CA,19780630,1978,1,INDL,C,D,STD,SFI.A,831684105,SMART & FINAL IRIS CP,USD,1978Q2,1978Q1,67.322998,31.775999,,,4.6659999,,83.721001,13.637,.161,,I,Los Angeles,5411,.069307663,.055732731,,,,,,,,,,,,,,,,,,,,,,,,,,,,,,,,,,,,,,,,,,,,,,,,,,,,,,,,,,Master only (1)
9842,FL,19780531,1978,1,INDL,C,D,STD,3SSPS,842060105,SOUTHEASTERN PUBLIC SVC CO,USD,1978Q2,1978Q1,72.271004,33.820999,,,13.476,,25.247999,6.289,.197,92050,I,,5900,.18646483,.53374523,,,,,,,,,,,,,,,,,,,,,,,,,,,,,,,,,,,,,,,,,,,,,,,,,,,,,,,,,,Master only (1)
9872,TX,19780331,1978,1,INDL,C,D,STD,SE.3,817826209,7-ELEVEN INC,USD,1978Q1,1978Q1,946.59302,612,,,76.764,,646.08301,134.22099,8.4580002,92344,I,,5412,.08109504,.11881445,,,,,,,,,,,,,,,,,,,,,,,,,,,,,,,,,,,,,,,,,,,,,,,,,,,,,,,,,,Master only (1)
9918,SC,19771031,1978,1,INDL,C,D,STD,SF.1,846790103,SPARTAN FOOD SYSTEMS INC,USD,1977Q3,1978Q1,42.792999,19.948999,,,.43599999,,20.482,-3.8670001,.354,92663,I,,5812,.010188582,.021286983,044935567,75926865,SPARTAN FOOD SYSTEMS INC,91200000,SC,5812,,0,,,,,,,,0,,,,,,,,,,,,,,,,,,,,,,,,,,,,,,,1,,0,,,,,,,,,Matched (3)
9926,CA,19770930,1978,1,INDL,C,D,STD,2870B,847507100,SPECIALTY RESTAURANTS,USD,1977Q3,1978Q1,37.735001,19.683001,,,1.399,,14.413,-1.038,.28200001,,I,,5812,.037074335,.097065151,,,,,,,,,,,,,,,,,,,,,,,,,,,,,,,,,,,,,,,,,,,,,,,,,,,,,,,,,,Master only (1)
9934,PA,19780630,1978,1,INDL,C,D,STD,SPO.1,847609104,SPECTRO INDUSTRIES INC,USD,1978Q2,1978Q1,59.759998,43.825001,,,24.795,,40.411999,18.098,.241,92761,I,,5122,.41490963,.61355537,44519858X,44519858,SPECTRO INDUSTRIES INC,154000000,PA,5122,,,,,,,,,,,,,,,,,,,,,,,,,,,,,,,,,,,,,,,1,,,,,,,,,,,,,Matched (3)
9940,CT,19780331,1978,1,INDL,C,D,STD,SRSK,855188108,STAR STRUCK LTD,USD,1978Q1,1978Q1,6.8509998,.80000001,,,1.831,,2.0090001,5.3060002,,771504,I,,5063,.26726025,.91139871,,,,,,,,,,,,,,,,,,,,,,,,,,,,,,,,,,,,,,,,,,,,,,,,,,,,,,,,,,Master only (1)
9943,MA,19780831,1978,1,INDL,C,D,STD,4508B,847870102,SPENCER COS INC,USD,1978Q3,1978Q1,29.457001,13.231,,,4.8200002,,16.952999,16.187,.18700001,,I,,5661,.16362834,.28431547,006953202,6953202,SPENCER COMPANIES INC,113700000,MA,5661,,,,,0,,,,,,,,,,,,,,,.6007036,,,,,,,,,,,.026385223,,,,.37291116,,,,,,,,,,,,,,,,,Matched (3)
9977,IL,19771231,1978,1,INDL,C,D,STD,STA.1,852567106,STALEY CONTINENTAL INC,USD,1977Q4,1978Q1,584.59998,357.59,,,87.111,,268.65399,33.571999,4.2179999,759663,I,,5141,.14900959,.32424977,,,,,,,,,,,,,,,,,,,,,,,,,,,,,,,,,,,,,,,,,,,,,,,,,,,,,,,,,,Master only (1)
9985,CA,19771231,1978,1,INDL,C,D,STD,3SBPC,853156206,STANDARD BRANDS PAINT CO,USD,1977Q4,1978Q1,81.450996,11.325,,,.72899997,,37.923,34.833,.025,93308,I,,5200,.0089501664,.019223163,001225549,75806141,STANDARD BRANDS INC,2123000064,NY,2041,,0,0,,0,,0,,,,0,,0,,0,0,0,0,0,0,0,,,,0,,,0,,,,0,,,.99858689,.0014130946,0,0,0,,0,,0,0,,0,,0,,,,Matched (3)
10013,IL,19780331,1978,1,INDL,C,D,STD,ENCZQ,292973104,ENESCO GROUP INC,USD,1978Q1,1978Q1,112.417,43.182999,,,11.191,,38.868999,37.527,.046999998,93542,I,,5190,.099549003,.28791583,,,,,,,,,,,,,,,,,,,,,,,,,,,,,,,,,,,,,,,,,,,,,,,,,,,,,,,,,,Master only (1)
10045,PA,19780228,1978,1,INDL,C,D,STD,SML.1,858263106,STEELMET INC,USD,1978Q1,1978Q1,51.859001,38.549,,,10.026,,28.577999,6.4400001,.83200002,93912,I,,5090,.19333191,.3508293,015017395,15017395,STEELMET INC,186000000,PA,5093,,,,,0,,,,,0,,,,,,,,,,0,0,,0,,,,,,,,,,,,0,,,,.76344085,.23655914,,,,,,,,,,,,Matched (3)
10067,TX,19780630,1978,1,INDL,C,D,STD,SEC.1,859281107,STERLING ELECTRONICS,USD,1978Q2,1978Q1,22.677,15.441,,,7.0110002,,12.31,11.392,.18700001,94136,I,,5065,.30916789,.56953698,008904542,8904542,STERLING ELECTRIC CO INC,15000000,MN,5063,,,,,,,,,,,,,,,,,,,,,,,,1,,,,,,,,,,,,,,,,,,,,,,,,,,,,Matched (3)
10131,NJ,19771231,1978,1,INDL,C,D,STD,SPG.1,864473103,SUBURBAN PROPANE GAS CORP,USD,1977Q4,1978Q1,262.60501,155.74899,,,48.493,,110.244,61.230999,1.752,95092,I,Morris,5900,.18466137,.43986973,008963274,93713089,SUBURBAN PROPANE GAS CORP,435950016,NJ,5984,0,,,,.17857552,.00091753638,0,,,0,,,0,0,,,0,0,0,0,0,0,,,0,,,0,,,0,.7454983,.075008601,0,0,0,0,,0,0,0,,,0,0,0,0,,,,0,Matched (3)
10151,FL,19780430,1978,1,INDL,C,D,STD,SNID,866665102,SUN CITY INDUSTRIES,USD,1978Q1,1978Q1,12.132,7.4780002,,,3.971,,13.906,2.8940001,.046999998,,I,,5140,.32731619,.28556019,067229096,67229096,SUN CITY INDUSTRIES,55000,FL,1521,,,,,,,,,,1,,,,,,,,,,,,,,,,,,,,,,,,,,,,,,,,,,,,,,,,,,Matched (3)
10173,FL,19780331,1978,1,INDL,C,D,STD,SJS,867830101,SUNSHINE-JR STORES,USD,1978Q1,1978Q1,15.664,4.7909999,,,.20299999,,19.499001,4.7859998,,95479,I,,5412,.012959653,.01041079,032644965,81944936,SUNSHINE JR STORES INC,81200000,FL,5411,,0,,,,,,,,1,0,,,,,,,,,,,,,,,,,,,,,,,,,,,,,,,,,,,,,,,,,Matched (3)
10182,OH,19771130,1978,1,INDL,C,D,STD,SFS.,867884108,SUPER FOOD SERVICES INC,USD,1977Q4,1978Q1,81.209,63.563,,,22.914,,149.864,18.329,.52399999,95504,I,,5141,.28216085,.15289862,005439518,81318446,SUPER FOOD SERVICES INC,709000000,OH,2752,,,,,,,,,,0,,,,,,,,,,,,,0,,,,,,,,,,,,.15232722,.84767276,,,,,,,,,,,,,,,,Matched (3)
10190,MN,19780531,1978,1,INDL,C,D,STD,SVU,868536301,SUPERVALU INC,USD,1978Q2,1978Q1,400.19199,268.13101,,,33.008999,,875.60797,56.115002,2.102,95521,I,,5141,.082482912,.037698377,,,,,,,,,,,,,,,,,,,,,,,,,,,,,,,,,,,,,,,,,,,,,,,,,,,,,,,,,,Master only (1)
10199,NJ,19780430,1978,1,INDL,C,D,STD,5654C,868446931,SUPERMARKETS GEN HLDG  -CL A,USD,1978Q1,1978Q1,493.02802,404.802,,,25.191,,454.935,26.722,4.0009999,821139,I,,5411,.051094461,.055372745,,,,,,,,,,,,,,,,,,,,,,,,,,,,,,,,,,,,,,,,,,,,,,,,,,,,,,,,,,Master only (1)
10247,TX,19770930,1978,1,INDL,C,D,STD,SYY,871829107,SYSCO CORP,USD,1977Q3,1978Q1,183.065,116.85,,,61.556,,189.686,56.900002,1.161,96021,A,,5140,.33625215,.32451525,,,,,,,,,,,,,,,,,,,,,,,,,,,,,,,,,,,,,,,,,,,,,,,,,,,,,,,,,,Master only (1)
10331,TX,19770930,1978,1,INDL,C,D,STD,BBAO,097924104,BOMBAY CO INC,USD,1977Q3,1978Q1,25.236,7.8530002,,,7.9829998,,9.6490002,15.15,,96287,I,,5712,.3163338,.82733965,,,,,,,,,,,,,,,,,,,,,,,,,,,,,,,,,,,,,,,,,,,,,,,,,,,,,,,,,,Master only (1)
10332,TX,19770930,1978,1,INDL,C,D,STD,RSHCQ,74979E101,RS LEGACY CORP,USD,1977Q3,1978Q1,566.35101,488.832,,,12.129,,218.15401,205.088,6.9050002,96289,I,,5731,.021416048,.055598337,,,,,,,,,,,,,,,,,,,,,,,,,,,,,,,,,,,,,,,,,,,,,,,,,,,,,,,,,,Master only (1)
10333,TX,19770930,1978,1,INDL,C,D,STD,TACR,875386104,TANDYCRAFTS INC,USD,1977Q3,1978Q1,74.109001,27.205999,,,4.7220001,,22.690001,39.782001,,96294,I,,5940,.063716955,.2081093,030169148,84279942,TANDY CRAFTS INC,273820000,TX,7311,,0,.023080856,0,0,0,0,,,0,0,,0,0,0,0,0,0,0,0,0,,0,0,0,,0,0,,,,0,0,,0,0,0,,0,,0,,0,.97691911,,0,,,0,0,,Matched (3)
10398,TX,19780331,1978,1,INDL,C,D,STD,TELC,872254107,TCC INDUSTRIES INC,USD,1978Q1,1978Q1,66.958,39.5,,,10.719,,27.365,3.0350001,.28400001,,I,,5190,.16008542,.39170474,080270960,49741309,TCC INC,4600000,TX,7372,,,,,,,,,,,,,,,,,,,,,,,,,,,,,,,,,,,,,,,,,,,,1,,,,,,,,Matched (3)
10554,CA,19771031,1978,1,INDL,C,D,STD,TDDB,885539106,THREE D DEPARTMENT  -CL B,USD,1977Q3,1978Q1,9.4540005,2.96,,,1.002,,5.2839999,6.0440001,0,34169,I,,5700,.10598689,.18962906,005865944,65524910,THREE D DEPARTMENTS INC,23600000,CT,5714,,,,,0,,.95762712,,,,,,,,,,,,,,,,,,,,,,,,,,,,.042372882,,,,,,,,,,,,,,,,,Matched (3)
10558,CA,19771130,1978,1,INDL,C,D,STD,TFD.,885868109,THRIFTY CORPORATION,USD,1977Q4,1978Q1,232.85001,145.17101,,,4.835,,167.189,64.790001,.75,,I,Los Angeles,5912,.02076444,.028919367,047246400,80250715,THRIFTY DRUG STORES INC,15800000,MN,5912,,,,,,,,,,,,,,,,,,,,,,,,1,,,,,,,,,,,,,,,,,,,,,,,,,,,,Matched (3)
10639,NJ,19780430,1978,1,INDL,C,D,STD,1231B,892335936,TOYS R US INC,USD,1978Q1,1978Q1,151.974,103.46,,,6.1960001,,38,50.377998,1.666,1005414,A,,5945,.040770132,.16305263,006985808,6985808,TOYS R US INC DE,282000000,NJ,5945,,,,,0,,,,,,,,,,0,.010638298,,0,,0,0,,.014184397,,,,,,,,,.97163123,,,0,,,,,,,,,,,0,,,,.0035460992,,Matched (3)
10699,NY,19780331,1978,1,INDL,C,D,STD,TWLQ,894076108,TRANSWORLD LIQUIDATING TRUST,USD,1978Q1,1978Q1,2347.6641,1924.677,,,322.73099,,772.54303,-36.797001,20.801001,,I,,5812,.13746899,.41775149,,,,,,,,,,,,,,,,,,,,,,,,,,,,,,,,,,,,,,,,,,,,,,,,,,,,,,,,,,Master only (1)
10808,MA,19771031,1978,1,INDL,C,D,STD,4485B,903035103,U.N.A. CORP,USD,1977Q3,1978Q1,7.158,3.994,,,2.2650001,,4.8119998,2.2679999,.082000002,79482,I,,5051,.31642917,.47069827,001424316,1424316,U N A CORPORATION,22400000,MA,5051,,,,,0,,,,,,,,,,0,,,,,1,,,0,,,,,,,,,0,,,,0,,,,,,,,0,,,,,,,,Matched (3)
10969,OH,19771031,1978,1,INDL,C,D,STD,USR.1,912605102,U S SHOE CORP,USD,1977Q3,1978Q1,312.59399,157.987,,,76.809998,,176.267,158.271,1.969,101771,I,,5621,.24571809,.4357594,,,,,,,,,,,,,,,,,,,,,,,,,,,,,,,,,,,,,,,,,,,,,,,,,,,,,,,,,,Master only (1)
11002,NY,19780430,1978,1,INDL,C,D,STD,UBU,913294104,UNITY BUYING SERVICE,USD,1978Q1,1978Q1,33.769001,19.200001,,,1.989,,13.391,10.587,.19,,I,,5961,.058900174,.1485326,057714206,80652746,UNITY BUYING SV CO INC DEL,86700000,NY,5961,,,,,0,,0,,,,0,,,,0,,,,,,,,,,,,,,,,,,,,1,,,,,,,,,,,,,,,,,Matched (3)
11003,WA,19780531,1978,1,INDL,C,D,STD,UVX,913353108,UNIVAR CORP,USD,1978Q2,1978Q1,249.998,177.323,,,82.871002,,179.392,84.986,2.553,101929,I,,5160,.33148664,.46195483,,,,,,,,,,,,,,,,,,,,,,,,,,,,,,,,,,,,,,,,,,,,,,,,,,,,,,,,,,Master only (1)
11006,NY,19780331,1978,1,INDL,C,D,STD,UCG..,913402103,UNIVERSAL CIGAR CORP,USD,1978Q1,1978Q1,14.45,4.6069999,,,2.1389999,,6.6409998,9.4280005,.039000001,101959,I,New York,5190,.14802769,.32209006,1976109,1976109,UNIVERSAL CIGAR CORP,0,NY,5194,,,,,,,,,,,,,,,,,,,,,,,,,,,,,,,,,,,,,,,,,,,,,,,,,,,,Matched (3)
11017,VA,19770930,1978,1,INDL,C,D,STD,UVV,913456109,UNIVERSAL CORP/VA,USD,1977Q3,1978Q1,249.631,114.819,,,65.360001,,217.576,82,,102037,A,,5150,.26182646,.30040079,065467482,81421695,UNIVERSAL CORPORATION,21000000,LA,1541,,,,,,,,,,,,,,,,0,,,1,,,,,,,,,,,,,,,,,,,,,,,,,0,,,,,,,,Matched (3)
11085,ME,19780630,1978,1,INDL,C,D,STD,VLE.1,919269100,VALLE'S STEAK HOUSE,USD,1978Q2,1978Q1,52.848,29.608,,,.66399997,,16.778,1.566,.51700002,,I,Cumberland,5812,.012564335,.039575636,001429752,19023829,VALLES STEAK HOUSE KITTERY*,960800000,ME,5812,,,,,,,,,,0,,,,,,,,,,0,,.99791843,,,,,,,,,,,,,0,,,,.0020815986,,,,,,,,,,,,,Matched (3)
11215,NY,19780430,1978,1,INDL,C,D,STD,VLM,928720101,VOLUME MERCHANDISE,USD,1978Q1,1978Q1,13.787,4.2379999,,,.63999999,,6.79,7.789,,,I,New York,5651,.046420541,.09425626,007871965,74349077,VOLUME MERCHANDISE INC,32050000,NY,5661,,,,,0,,,,,,,,,,,,,0,,0,,,0,,0,,,.0031201248,,,,,,,.99687988,,,,0,,,,0,0,,0,,,,,,Matched (3)
11259,AR,19780430,1978,1,INDL,C,D,STD,WMT,931142103,WALMART INC,USD,1978Q1,1978Q1,271.06201,170.181,,,5.4640002,,167.274,79.940002,.70599997,104169,A,,5331,.020157751,.03266497,,,,,,,,,,,,,,,,,,,,,,,,,,,,,,,,,,,,,,,,,,,,,,,,,,,,,,,,,,Master only (1)
11263,NJ,19780331,1978,1,INDL,C,D,STD,WALDA,931184105,WALDBAUM INC  -CL A,USD,1978Q1,1978Q1,147.379,95.674004,,,3.675,,203.23,21.299,1.107,104184,I,,5411,.024935709,.01808296,007278641,40910721,WALDBAUM MILTON G CO*,25000000,NE,2017,,,,,,,,,,,,,,,,,,,,,,,,,0,,,,,1,,,,,,,,,,,,,,,,,,,,,,Matched (3)
11264,IL,19771130,1978,1,INDL,C,D,STD,WBA,931427108,WALGREENS BOOTS ALLIANCE INC,USD,1977Q4,1978Q1,367.44501,230.80701,,,17.011,,267.931,117.039,1.72,1618921,A,,5912,.046295363,.063490227,008965063,79153706,WALGREEN CO INC ILLINOIS,1364000000,IL,5912,,0,0,0,0,0,0,,,0,0,,0,,1,0,0,0,0,,,,0,0,0,0,,,0,0,,0,0,,0,0,0,,,,,0,0,0,0,0,,,0,,,Matched (3)
11313,FL,19780430,1978,1,INDL,C,D,STD,WSO,942622200,WATSCO INC,USD,1978Q1,1978Q1,6.3260002,3.635,,,1.5829999,,2.152,3.401,.07,105016,A,,5070,.25023711,.73559481,004123576,4123576,WATSCO INC,8270000,FL,3494,,,,,0,,,,,1,,,,,,,,,,,,,,,,,,,,,,,,,,,,,,,,,,,,,,,,,,Matched (3)
11338,IL,19780331,1978,1,INDL,C,D,STD,WC.1,948662101,WEIMAN CO INC,USD,1978Q1,1978Q1,16.962999,9.2460003,,,3.6819999,,7.8829999,7.7090001,.20299999,105336,I,,5040,.21706066,.46708107,001751882,85882587,WEIMAN CO*,37214000,IL,5946,,,,,,,,,,,,,,,.92169613,0,,,,,,,.024560649,,,,,0,,,,0,,,0,,,,.053743213,,,,,,,0,,,,,,Matched (3)
11339,TX,19770930,1978,1,INDL,C,D,STD,WEIN.,948713102,WEINGARTEN (J) INC,USD,1977Q3,1978Q1,95.759003,64.859001,,,4.1919999,,142.939,22.045,.65399998,,I,,5411,.043776564,.029327195,,,,,,,,,,,,,,,,,,,,,,,,,,,,,,,,,,,,,,,,,,,,,,,,,,,,,,,,,,Master only (1)
11343,PA,19780331,1978,1,INDL,C,D,STD,WMK,948849104,WEIS MARKETS INC,USD,1978Q1,1978Q1,140.312,19.021,,,2.085,,125.885,69.888,0,105418,A,,5411,.014859742,.016562736,007917420,79175972,WEIS MARKETS INC,531000000,PA,5411,,,,,,,,,,,,,,,,,,,,,,,,,,,,,,,,,,,.13182674,,,,.86817324,,,,,,,,,,,,,Matched (3)
11385,,19780630,1978,1,INDL,C,D,STD,WBI.1,957272107,WESTBURNE INTL INDS LTD,USD,1978Q2,1978Q1,261.13501,181.431,,,79.512001,,108.215,35.390999,2.5039999,,I,,5070,.30448619,.73475951,,,,,,,,,,,,,,,,,,,,,,,,,,,,,,,,,,,,,,,,,,,,,,,,,,,,,,,,,,Master only (1)
11453,MO,19780630,1978,1,INDL,C,D,STD,WETT,961896107,WETTERAU INC,USD,1978Q2,1978Q1,166.172,91.097,,,32.271999,,248.521,31.139,.88099998,106521,I,,5141,.19420841,.12985623,006965214,77117562,WETTERAU INC,1060440000,MO,5311,,,,,0,,,,,,0,,,,0,0,0,0,,.0026404134,,,,0,.88702804,,,,,0,.016031081,,,,,,0,,.094300479,,0,,0,,,,,,,,,Matched (3)
11455,WI,19780331,1978,1,INDL,C,D,STD,WEYS,962149100,WEYCO GROUP INC,USD,1978Q1,1978Q1,40.701,14.45,,,12.711,,20.546,24.35,,106532,A,,5130,.3123019,.61866057,,,,,,,,,,,,,,,,,,,,,,,,,,,,,,,,,,,,,,,,,,,,,,,,,,,,,,,,,,Master only (1)
11491,IL,19780430,1978,1,INDL,C,D,STD,WIE,967613100,WIEBOLDT STORES INC,USD,1978Q1,1978Q1,93.424004,57.688999,,,17.239,,33.396,17.077999,.38800001,107022,I,,5311,.18452431,.51619953,006933212,40888851,WIEBOLDT STORES INC,159000000,IL,5311,,,,,,,,,,,,,,,1,,,,,,,,,,,,,,,,,,,,,,,,,,,,,,,,,,,,,Matched (3)
11503,TX,19780331,1978,1,INDL,C,D,STD,RXL.1,761680107,REXEL INC,USD,1978Q1,1978Q1,43.384998,59.368,,,13.065,,15.442,-18.846001,.412,107203,I,,5063,.30114093,.84606916,,,,,,,,,,,,,,,,,,,,,,,,,,,,,,,,,,,,,,,,,,,,,,,,,,,,,,,,,,Master only (1)
11534,MI,19780430,1978,1,INDL,C,D,STD,WNK,974212102,WINKELMAN STORES INC,USD,1978Q1,1978Q1,39.212002,18.266001,,,15.592,,18.645,17.08,.17900001,107665,I,Wayne,5621,.39763337,.83625638,006959159,88745401,WINKELMAN STORES INCORPORATED,82900000,MI,5621,,,,,,,,,,,,,,,0,,,,,,,,1,,,,,,,,,,,,0,0,,,,,,,,,,,,,,,,Matched (3)
11535,FL,19770930,1978,1,INDL,C,D,STD,WINN.1,974280307,WINN-DIXIE STORES INC,USD,1977Q3,1978Q1,666.43103,283.89099,,,13.841,,1007.909,206.897,2.178,107681,I,,5411,.020768842,.01373239,006921902,4111431,WINN-DIXIE STORES INC,5830000128,FL,5411,,0,,,0,,,,,.76157802,0,,,,,0,,.012864494,.072041161,,,,,,,0,,.051457975,,,,,0,,,,0,,,,.025728988,,0,.076329328,,0,,,,,,Matched (3)
11543,WI,19780228,1978,1,INDL,C,D,STD,6100B,974165201,WINJAK INC  -CL A,USD,1978Q1,1978Q1,48.931,6.8899999,,,10.422,,12.096,32.678001,,107748,I,Milwaukee,5621,.2129938,.86160713,,,,,,,,,,,,,,,,,,,,,,,,,,,,,,,,,,,,,,,,,,,,,,,,,,,,,,,,,,Master only (1)
11579,DC,19780430,1978,1,INDL,C,D,STD,WOOD.2,980711105,WOODWARD & LOTHROP INC,USD,1978Q1,1978Q1,189.42999,107.991,,,54.980999,,55.305,57.118999,1.12,,I,District of Columbia Washington,5311,.29024443,.99414158,006920664,6920664,WOODWARD & LOTHROP INC,249000000,DC,5311,,,,,,,,1,,,,,,,,,,,,,0,,,,,,,,,,,,,,0,,,,,,,,,,,0,,,,,,Matched (3)
11584,NY,19780430,1978,1,INDL,C,D,STD,FL,344849104,FOOT LOCKER INC,USD,1978Q1,1978Q1,2714.175,1622.66,,,17.517,,1225.558,677.95502,11.846,850209,A,,5661,.006453895,.014293081,,,,,,,,,,,,,,,,,,,,,,,,,,,,,,,,,,,,,,,,,,,,,,,,,,,,,,,,,,Master only (1)
11614,CA,19780430,1978,1,INDL,C,D,STD,WYL.,983051103,WYLE ELECTRONICS,USD,1978Q1,1978Q1,95.522003,63.601002,,,30.617001,,48.619999,30.464001,.71899998,108683,I,,5065,.32052302,.62972027,008287138,76193804,WYLE LABORATORIES*,194980000,CA,3674,,0,,0,.90265667,0,,,,.097343318,,,0,,0,,,,,,,,,,0,,,,,,,0,0,,,0,,,,,,,,,,0,,0,,,,Matched (3)
11669,TX,19780630,1978,1,INDL,C,D,STD,ZLC,988858106,ZALE CORP,USD,1978Q2,1978Q1,561.88599,215.44701,,,120.177,,188.245,294.16501,1.733,109156,I,,5944,.21388146,.63840741,12114948,12114948,ZALE CORP,0,NY,3911,,,,,,,,,,,,,,,,,,,,,,,,,,,,,,,,,,,,,,,,,,,,,,,,,,,,Matched (3)
11672,MA,19780430,1978,1,INDL,C,D,STD,TJX,872540109,TJX COS INC (THE),USD,1978Q1,1978Q1,534.40698,406.29999,,,7.3579998,,272.918,148.397,4.3010001,109198,A,,5651,.013768532,.026960479,,,,,,,,,,,,,,,,,,,,,,,,,,,,,,,,,,,,,,,,,,,,,,,,,,,,,,,,,,Master only (1)
12061,TX,19770930,1978,1,INDL,C,D,STD,6033C,01693X933,ALL STAR GAS CORP,USD,1977Q3,1978Q1,74.071999,43.174999,,,10.946,,19.032,12.478,.51200002,922404,I,,5900,.14777514,.5751366,,,,,,,,,,,,,,,,,,,,,,,,,,,,,,,,,,,,,,,,,,,,,,,,,,,,,,,,,,Master only (1)
12474,FL,19780430,1978,1,INDL,C,D,STD,LVFIQ,527482103,LEVITZ FURNITURE INC  -VTG,USD,1978Q1,1978Q1,298.48999,204.41901,,,15.038,,116.387,53.269001,3.618,902279,I,,5712,.050380249,.12920687,014476923,48174403,LEVITZ FRNTRE CO ESTRN REG*,519000000,FL,5712,,,,0,.15414259,0,0,0,0,.8246628,0,,,,0,0,0,,0,0,0,,,0,0,,,0,,,,0,,,0,0,0,0,0,,,,.0077071292,0,0,0,,.013487476,,,,Matched (3)
12681,OR,19780331,1978,1,INDL,C,D,STD,FMY.1,592907109,MEYER (FRED) INC,USD,1978Q1,1978Q1,322.48801,206.37601,,,11.803,,252.30499,36.923,2.665,1043273,I,,5411,.036599811,.046780683,,,,,,,,,,,,,,,,,,,,,,,,,,,,,,,,,,,,,,,,,,,,,,,,,,,,,,,,,,Master only (1)
13121,SC,19780331,1978,1,INDL,C,D,STD,3FLSTQ1,338473002,FLAGSTAR CORP,USD,1978Q1,1978Q1,2347.6641,1924.677,,,322.73099,,772.54303,-36.797001,20.801001,807862,I,,5812,.13746899,.41775149,,,,,,,,,,,,,,,,,,,,,,,,,,,,,,,,,,,,,,,,,,,,,,,,,,,,,,,,,,Master only (1)
13204,MA,19780331,1978,1,INDL,C,D,STD,FSH.2,338032204,FISHER SCIENTIFIC INTL INC,USD,1978Q1,1978Q1,146.011,71.973999,,,49.960999,,71.760002,86.325996,.83499998,880430,I,,5040,.34217286,.6962235,004321519,77062131,FISHER SCIENTIFIC CO*,269750016,PA,5086,,,0,,0,,,,,0,0,,,,0,,,,,0,0,,0,,0,,,0,,,,0,,,.0064874878,0,,,.99351245,,,0,,0,,,,,,0,,Matched (3)
13961,OH,19780831,1978,1,INDL,C,D,STD,RXR.1,761339100,REVCO D.S. INC,USD,1978Q3,1978Q1,272.983,114.163,,,19.059,,192.11,132.52299,.741,83496,I,,5912,.069817536,.099208787,080167695,80167695,REVCO DISCOUNT DRG CNTRS,0,OH,5912,,,,,,,,,,,,,,,,,,,,,,,,,,,,,,,,,,,,,,,,,,,,,,,,,,,,Matched (3)
14097,PA,19771231,1978,1,INDL,C,D,STD,4774B,002034932,ARAMARK CORP  -CL B,USD,1977Q4,1978Q1,686.42102,321.35199,,,157.30499,,425.802,112.242,2.027,757523,I,,5812,.22916694,.36943227,,,,,,,,,,,,,,,,,,,,,,,,,,,,,,,,,,,,,,,,,,,,,,,,,,,,,,,,,,Master only (1)
15077,TX,19780331,1978,1,INDL,C,D,STD,EP3,880451000,TENNESSEE GAS PIPELINE CO,USD,1978Q1,1978Q1,8704.5977,5367.498,,,1262.1,,2036.4,584.40002,73.800003,97142,I,,5172,.14499234,.61977017,,,,,,,,,,,,,,,,,,,,,,,,,,,,,,,,,,,,,,,,,,,,,,,,,,,,,,,,,,Master only (1)
23769,CA,19780731,1978,1,INDL,C,D,STD,SZ,98160A107,WORLDWIDE RESTAURANT CONCEPT,USD,1978Q2,1978Q1,95.775002,56.008999,,,6.0409999,,51.318001,8.8559999,.67900002,870760,I,,5812,.063074917,.11771698,,,,,,,,,,,,,,,,,,,,,,,,,,,,,,,,,,,,,,,,,,,,,,,,,,,,,,,,,,Master only (1)
65499,VA,19780531,1978,1,INDL,C,D,STD,CCKM.CM,17299Z932,CIRCUIT CITY STORES  -CONSOL,USD,1978Q2,1978Q1,28.639,19.974001,,,1.809,,23.103001,9.7959995,.081,,I,Henrico,5731,.063165613,.078301519,008956757,91227223,WARDS COMPANY INC,93700000,VA,5732,,,,,0,,,0,,,,,,,,0,,,,,0,,,,,,,0,,,,,,,,0,,,,,0,,0,,,1,,,,0,,Matched (3)
